;Unnamed: 0;Tweets;label;step01;tokens;final_tokens;step02
0;0.0;Majelis Hakim Pengadilan Negeri Jakarta Selatan menolak nota keberatan atau eksepsi Ferdy Sambo atas dakwaan dugaanâ€¦ https://t.co/F0PBPQXcVe;1.0;majelis hakim pengadilan negeri jakarta selatan menolak nota keberatan atau eksepsi ferdy sambo atas dakwaan dugaan cofpbpq;['majelis', 'hakim', 'pengadilan', 'negeri', 'jakarta', 'selatan', 'menolak', 'nota', 'keberatan', 'atau', 'eksepsi', 'ferdy', 'sambo', 'atas', 'dakwaan', 'dugaan', 'cofpbpq'];['majelis', 'hakim', 'pengadilan', 'negeri', 'jakarta', 'selatan', 'menolak', 'nota', 'keberatan', 'atau', 'eksepsi', 'ferdy', 'sambo', 'atas', 'dakwaan', 'dugaan', 'cofpbpq'];majelis hakim pengadilan negeri jakarta selatan menolak nota keberatan atau eksepsi ferdy sambo atas dakwaan dugaan cofpbpq
1;1.0;Seorang pecinta sepak bola, Santiago Sanchez hilang di Iran. Ia dilaporkan menghilang dalam perjalanannya dari Madrâ€¦ https://t.co/CzuckjdE0V;0.0;seorang pecinta sepak bola santiago sanchez hilang di iran ia dilaporkan menghilang dalam perjalanannya dari madr coczuckjdev;['seorang', 'pecinta', 'sepak', 'bola', 'santiago', 'sanchez', 'hilang', 'di', 'iran', 'ia', 'dilaporkan', 'menghilang', 'dalam', 'perjalanannya', 'dari', 'madr', 'coczuckjdev'];['seorang', 'pecinta', 'sepak', 'bola', 'santiago', 'sanchez', 'hilang', 'di', 'iran', 'ia', 'dilaporkan', 'menghilang', 'dalam', 'perjalanannya', 'dari', 'madr', 'coczuckjdev'];seorang pecinta sepak bola santiago sanchez hilang di iran ia dilaporkan menghilang dalam perjalanannya dari madr coczuckjdev
2;2.0;Sepakat atau enggak dengan penilaian BEM UI yang bilang Joko Widodo-Ma'ruf Amin belum menunaikan janji-janji politiâ€¦ https://t.co/lFSftadoTd;1.0;sepakat atau enggak dengan penilaian bem ui yang bilang joko widodo maruf amin belum menunaikan janji janji politi colfsftadotd;['sepakat', 'atau', 'enggak', 'dengan', 'penilaian', 'bem', 'ui', 'yang', 'bilang', 'joko', 'widodo', 'maruf', 'amin', 'belum', 'menunaikan', 'janji', 'janji', 'politi', 'colfsftadotd'];['sepakat', 'atau', 'enggak', 'dengan', 'penilaian', 'bem', 'ui', 'yang', 'bilang', 'joko', 'widodo', 'maruf', 'amin', 'belum', 'menunaikan', 'janji', 'janji', 'politi', 'colfsftadotd'];sepakat atau enggak dengan penilaian bem ui yang bilang joko widodo maruf amin belum menunaikan janji janji politi colfsftadotd
3;3.0;Dalam melancarkan aksinya, sang peretas turut membubuhkan narasi mengenai dugaan pelecehan seksual yang terjadi diâ€¦ https://t.co/6OsBAdQjuq;0.0;dalam melancarkan aksinya sang peretas turut membubuhkan narasi mengenai dugaan pelecehan seksual yang terjadi di coosbadqjuq;['dalam', 'melancarkan', 'aksinya', 'sang', 'peretas', 'turut', 'membubuhkan', 'narasi', 'mengenai', 'dugaan', 'pelecehan', 'seksual', 'yang', 'terjadi', 'di', 'coosbadqjuq'];['dalam', 'melancarkan', 'aksinya', 'sang', 'peretas', 'turut', 'membubuhkan', 'narasi', 'mengenai', 'dugaan', 'pelecehan', 'seksual', 'yang', 'terjadi', 'di', 'coosbadqjuq'];dalam melancarkan aksinya sang peretas turut membubuhkan narasi mengenai dugaan pelecehan seksual yang terjadi di coosbadqjuq
4;4.0;Ketinggian air di banjir Jakarta Timur mencapai 50-80 sentimeter (cm). Banjir akibat luapan Kali Item dan Kali Ciliâ€¦ https://t.co/2Zl0E9pC0Y;0.0;ketinggian air di banjir jakarta timur mencapai     sentimeter cm banjir akibat luapan kali item dan kali cili cozlepcy;['ketinggian', 'air', 'di', 'banjir', 'jakarta', 'timur', 'mencapai', 'sentimeter', 'cm', 'banjir', 'akibat', 'luapan', 'kali', 'item', 'dan', 'kali', 'cili', 'cozlepcy'];['ketinggian', 'air', 'di', 'banjir', 'jakarta', 'timur', 'mencapai', 'sentimeter', 'cm', 'banjir', 'akibat', 'luapan', 'kali', 'item', 'dan', 'kali', 'cili', 'cozlepcy'];ketinggian air di banjir jakarta timur mencapai sentimeter cm banjir akibat luapan kali item dan kali cili cozlepcy
5;5.0;"Serangan udara tersebut menewaskan 80 orang, termasuk penyanyi dan musisi.

https://t.co/Jk3v5S7iTz";0.0;serangan udara tersebut menewaskan   orang termasuk penyanyi dan musisi cojkvsitz;['serangan', 'udara', 'tersebut', 'menewaskan', 'orang', 'termasuk', 'penyanyi', 'dan', 'musisi', 'cojkvsitz'];['serangan', 'udara', 'tersebut', 'menewaskan', 'orang', 'termasuk', 'penyanyi', 'dan', 'musisi', 'cojkvsitz'];serangan udara tersebut menewaskan orang termasuk penyanyi dan musisi cojkvsitz
6;6.0;Ia mengklarifikasi pernyataan kuasa hukum Brigadir J Kamaruddin Simanjuntak yang menyebut Putri Candrawathi ikut meâ€¦ https://t.co/QvtNoSaiPK;1.0;ia mengklarifikasi pernyataan kuasa hukum brigadir kamaruddin simanjuntak yang menyebut putri candrawathi ikut me coqvtnosaipk;['ia', 'mengklarifikasi', 'pernyataan', 'kuasa', 'hukum', 'brigadir', 'kamaruddin', 'simanjuntak', 'yang', 'menyebut', 'putri', 'candrawathi', 'ikut', 'me', 'coqvtnosaipk'];['ia', 'mengklarifikasi', 'pernyataan', 'kuasa', 'hukum', 'brigadir', 'kamaruddin', 'simanjuntak', 'yang', 'menyebut', 'putri', 'candrawathi', 'ikut', 'me', 'coqvtnosaipk'];ia mengklarifikasi pernyataan kuasa hukum brigadir kamaruddin simanjuntak yang menyebut putri candrawathi ikut me coqvtnosaipk
7;7.0;Hotman Paris Hutapea, Pengacara Irjen Teddy Minahasa, menyampaikan bahwa barang bukti narkoba jenis sabu-sabu sudahâ€¦ https://t.co/DacZgFJp9l;0.0;hotman paris hutapea pengacara irjen teddy minahasa menyampaikan bahwa barang bukti narkoba jenis sabu sabu sudah codaczgfjpl;['hotman', 'paris', 'hutapea', 'pengacara', 'irjen', 'teddy', 'minahasa', 'menyampaikan', 'bahwa', 'barang', 'bukti', 'narkoba', 'jenis', 'sabu', 'sabu', 'sudah', 'codaczgfjpl'];['hotman', 'paris', 'hutapea', 'pengacara', 'irjen', 'teddy', 'minahasa', 'menyampaikan', 'bahwa', 'barang', 'bukti', 'narkoba', 'jenis', 'sabu', 'sabu', 'sudah', 'codaczgfjpl'];hotman paris hutapea pengacara irjen teddy minahasa menyampaikan bahwa barang bukti narkoba jenis sabu sabu sudah codaczgfjpl
8;8.0;Kajari Serang Freddy D. Simandjuntak mengatakan penahanan dilakukan karena Nikita Mirzani dikhawatirkan melarikan dâ€¦ https://t.co/CVRhAFfxnp;0.0;kajari serang freddy simandjuntak mengatakan penahanan dilakukan karena nikita mirzani dikhawatirkan melarikan cocvrhaff;['kajari', 'serang', 'freddy', 'simandjuntak', 'mengatakan', 'penahanan', 'dilakukan', 'karena', 'nikita', 'mirzani', 'dikhawatirkan', 'melarikan', 'cocvrhaff'];['kajari', 'serang', 'freddy', 'simandjuntak', 'mengatakan', 'penahanan', 'dilakukan', 'karena', 'nikita', 'mirzani', 'dikhawatirkan', 'melarikan', 'cocvrhaff'];kajari serang freddy simandjuntak mengatakan penahanan dilakukan karena nikita mirzani dikhawatirkan melarikan cocvrhaff
9;9.0;"Geger Komisaris PT Pelni, Dede Budhyarto memplesetkan kata â€œKhilafahâ€ menjadi â€œKhilafuck.â€

https://t.co/DAKEgRiWUZ";0.0;geger komisaris pt pelni dede budhyarto memplesetkan kata khilafah menjadi khilafuck codakegriwuz;['geger', 'komisaris', 'pt', 'pelni', 'dede', 'budhyarto', 'memplesetkan', 'kata', 'khilafah', 'menjadi', 'khilafuck', 'codakegriwuz'];['geger', 'komisaris', 'pt', 'pelni', 'dede', 'budhyarto', 'memplesetkan', 'kata', 'khilafah', 'menjadi', 'khilafuck', 'codakegriwuz'];geger komisaris pt pelni dede budhyarto memplesetkan kata khilafah menjadi khilafuck codakegriwuz
10;10.0;"Juru Bicara Kementerian Perhubungan, Adita Irawati mengakui telah terjadi perkelahian antar taruna Kemenhub.

https://t.co/4o9LIYmqEq";1.0;juru bicara kementerian perhubungan adita irawati mengakui telah terjadi perkelahian antar taruna kemenhub cooliymqeq;['juru', 'bicara', 'kementerian', 'perhubungan', 'adita', 'irawati', 'mengakui', 'telah', 'terjadi', 'perkelahian', 'antar', 'taruna', 'kemenhub', 'cooliymqeq'];['juru', 'bicara', 'kementerian', 'perhubungan', 'adita', 'irawati', 'mengakui', 'telah', 'terjadi', 'perkelahian', 'antar', 'taruna', 'kemenhub', 'cooliymqeq'];juru bicara kementerian perhubungan adita irawati mengakui telah terjadi perkelahian antar taruna kemenhub cooliymqeq
11;11.0;Gita Puspita baru tahu namanya dicatut usai didatangi polisi dan TNI. Gita mengaku tak memiliki akun Facebook dan Iâ€¦ https://t.co/hT1Y22oys6;0.0;gita puspita baru tahu namanya dicatut usai didatangi polisi dan tni gita mengaku tak memiliki akun facebook dan cohtyoys;['gita', 'puspita', 'baru', 'tahu', 'namanya', 'dicatut', 'usai', 'didatangi', 'polisi', 'dan', 'tni', 'gita', 'mengaku', 'tak', 'memiliki', 'akun', 'facebook', 'dan', 'cohtyoys'];['gita', 'puspita', 'baru', 'tahu', 'namanya', 'dicatut', 'usai', 'didatangi', 'polisi', 'dan', 'tni', 'gita', 'mengaku', 'tak', 'memiliki', 'akun', 'facebook', 'dan', 'cohtyoys'];gita puspita baru tahu namanya dicatut usai didatangi polisi dan tni gita mengaku tak memiliki akun facebook dan cohtyoys
12;12.0;Kabar Santiago Shanchez tak terdengar sejak tiga pekan lalu. Laki-laki 41 tahun itu terakhir terlihat di Irak setelâ€¦ https://t.co/LxZiERCjZb;0.0;kabar santiago shanchez tak terdengar sejak tiga pekan lalu laki laki   tahun itu terakhir terlihat di irak setel co;['kabar', 'santiago', 'shanchez', 'tak', 'terdengar', 'sejak', 'tiga', 'pekan', 'lalu', 'laki', 'laki', 'tahun', 'itu', 'terakhir', 'terlihat', 'di', 'irak', 'setel', 'co'];['kabar', 'santiago', 'shanchez', 'tak', 'terdengar', 'sejak', 'tiga', 'pekan', 'lalu', 'laki', 'laki', 'tahun', 'itu', 'terakhir', 'terlihat', 'di', 'irak', 'setel', 'co'];kabar santiago shanchez tak terdengar sejak tiga pekan lalu laki laki tahun itu terakhir terlihat di irak setel co
13;13.0;"Nikita Mirzani akan ditahan hingga 13 November 2022 di Rutan Kelas IIB Serang.

https://t.co/vryy18yfoF";0.0;nikita mirzani akan ditahan hingga <date> di rutan kelas iib serang covryyyfof;['nikita', 'mirzani', 'akan', 'ditahan', 'hingga', '<', 'date', '>', 'di', 'rutan', 'kelas', 'iib', 'serang', 'covryyyfof'];['nikita', 'mirzani', 'akan', 'ditahan', 'hingga', '<', 'date', '>', 'di', 'rutan', 'kelas', 'iib', 'serang', 'covryyyfof'];nikita mirzani akan ditahan hingga < date > di rutan kelas iib serang covryyyfof
14;14.0;"BNPT menyebut pelaku penerobos Istana, SE kerap mengunggah propaganda khilafah melalui akun media sosialnya.

https://t.co/uk7MGdcgTn";0.0;bnpt menyebut pelaku penerobos istana se kerap mengunggah propaganda khilafah melalui akun media sosialnya coukmgdcgtn;['bnpt', 'menyebut', 'pelaku', 'penerobos', 'istana', 'se', 'kerap', 'mengunggah', 'propaganda', 'khilafah', 'melalui', 'akun', 'media', 'sosialnya', 'coukmgdcgtn'];['bnpt', 'menyebut', 'pelaku', 'penerobos', 'istana', 'se', 'kerap', 'mengunggah', 'propaganda', 'khilafah', 'melalui', 'akun', 'media', 'sosialnya', 'coukmgdcgtn'];bnpt menyebut pelaku penerobos istana se kerap mengunggah propaganda khilafah melalui akun media sosialnya coukmgdcgtn
15;15.0;Satlantas Polres Bogor bakal menggelar tindakan dengan memberi sanksi baca Alquran. Sanksi ini berlaku bagi pengendâ€¦ https://t.co/7rWS04VYtq;0.0;satlantas polres bogor bakal menggelar tindakan dengan memberi sanksi baca alquran sanksi ini berlaku bagi pengend corwsvytq;['satlantas', 'polres', 'bogor', 'bakal', 'menggelar', 'tindakan', 'dengan', 'memberi', 'sanksi', 'baca', 'alquran', 'sanksi', 'ini', 'berlaku', 'bagi', 'pengend', 'corwsvytq'];['satlantas', 'polres', 'bogor', 'bakal', 'menggelar', 'tindakan', 'dengan', 'memberi', 'sanksi', 'baca', 'alquran', 'sanksi', 'ini', 'berlaku', 'bagi', 'pengend', 'corwsvytq'];satlantas polres bogor bakal menggelar tindakan dengan memberi sanksi baca alquran sanksi ini berlaku bagi pengend corwsvytq
16;16.0;Bagi para pengendara yang melanggar aturan lalu lintas akan mendapat sanksi, tetapi penindakan pelanggaran dilakukaâ€¦ https://t.co/V72cbbwerH;0.0;bagi para pengendara yang melanggar aturan lalu lintas akan mendapat sanksi tetapi penindakan pelanggaran dilakuka covcbbwerh;['bagi', 'para', 'pengendara', 'yang', 'melanggar', 'aturan', 'lalu', 'lintas', 'akan', 'mendapat', 'sanksi', 'tetapi', 'penindakan', 'pelanggaran', 'dilakuka', 'covcbbwerh'];['bagi', 'para', 'pengendara', 'yang', 'melanggar', 'aturan', 'lalu', 'lintas', 'akan', 'mendapat', 'sanksi', 'tetapi', 'penindakan', 'pelanggaran', 'dilakuka', 'covcbbwerh'];bagi para pengendara yang melanggar aturan lalu lintas akan mendapat sanksi tetapi penindakan pelanggaran dilakuka covcbbwerh
17;17.0;HMMM GIMANA YAA~ ðŸ¤” https://t.co/7GpUHCbwCR;0.0;hmmm gimana yaa cogpuhcbwcr;['hmmm', 'gimana', 'yaa', 'cogpuhcbwcr'];['hmmm', 'gimana', 'yaa', 'cogpuhcbwcr'];hmmm gimana yaa cogpuhcbwcr
18;18.0;@aulia_akbarz96 Wah iya bener juga ðŸ¤”;0.0;aulia_akbarz wah iya bener juga;['aulia_akbarz', 'wah', 'iya', 'bener', 'juga'];['aulia_akbarz', 'wah', 'iya', 'bener', 'juga'];aulia_akbarz wah iya bener juga
19;19.0;Masih menjadi misteri, apa sih yang membedakan Bubur Kacang Ijo Khas Madura dengan yang lainnya? Sulit sekali mendeâ€¦ https://t.co/wf2gwsaZEP;0.0;masih menjadi misteri apa sih yang membedakan bubur kacang ijo khas madura dengan yang lainnya sulit sekali mende cowfgwsazep;['masih', 'menjadi', 'misteri', 'apa', 'sih', 'yang', 'membedakan', 'bubur', 'kacang', 'ijo', 'khas', 'madura', 'dengan', 'yang', 'lainnya', 'sulit', 'sekali', 'mende', 'cowfgwsazep'];['masih', 'menjadi', 'misteri', 'apa', 'sih', 'yang', 'membedakan', 'bubur', 'kacang', 'ijo', 'khas', 'madura', 'dengan', 'yang', 'lainnya', 'sulit', 'sekali', 'mende', 'cowfgwsazep'];masih menjadi misteri apa sih yang membedakan bubur kacang ijo khas madura dengan yang lainnya sulit sekali mende cowfgwsazep
20;20.0;Doa dipersembahkan bagi kalian yang masih bertarung di jalan, atau yang sedang mengentaskan pekerjaan. Selalu diberâ€¦ https://t.co/mnR1z5xjfP;0.0;doa dipersembahkan bagi kalian yang masih bertarung di jalan atau yang sedang mengentaskan pekerjaan selalu diber comnrz;['doa', 'dipersembahkan', 'bagi', 'kalian', 'yang', 'masih', 'bertarung', 'di', 'jalan', 'atau', 'yang', 'sedang', 'mengentaskan', 'pekerjaan', 'selalu', 'diber', 'comnrz'];['doa', 'dipersembahkan', 'bagi', 'kalian', 'yang', 'masih', 'bertarung', 'di', 'jalan', 'atau', 'yang', 'sedang', 'mengentaskan', 'pekerjaan', 'selalu', 'diber', 'comnrz'];doa dipersembahkan bagi kalian yang masih bertarung di jalan atau yang sedang mengentaskan pekerjaan selalu diber comnrz
21;21.0;Terima kasih banyak Abang ðŸ«¶ðŸ¼ https://t.co/anS8weBSeQ;0.0;terima kasih banyak abang coanswebseq;['terima', 'kasih', 'banyak', 'abang', 'coanswebseq'];['terima', 'kasih', 'banyak', 'abang', 'coanswebseq'];terima kasih banyak abang coanswebseq
22;22.0;Kapal Cepat Cantika Express 77 rute Kupang-Alor, Nusa Tenggara Timur (NTT) mengalami kebakaran pada Senin (24/10/20â€¦ https://t.co/vKVrpQCCMW;0.0;kapal cepat cantika   rute kupang alor nusa tenggara timur ntt mengalami kebakaran pada senin   covkvrpqccmw;['kapal', 'cepat', 'cantika', 'rute', 'kupang', 'alor', 'nusa', 'tenggara', 'timur', 'ntt', 'mengalami', 'kebakaran', 'pada', 'senin', 'covkvrpqccmw'];['kapal', 'cepat', 'cantika', 'rute', 'kupang', 'alor', 'nusa', 'tenggara', 'timur', 'ntt', 'mengalami', 'kebakaran', 'pada', 'senin', 'covkvrpqccmw'];kapal cepat cantika rute kupang alor nusa tenggara timur ntt mengalami kebakaran pada senin covkvrpqccmw
23;23.0;"Menteri Badan Usaha Milik Negara (BUMN) Erick Thohir berbicara mengenai pemilihan presiden (pilpres) 2024.

https://t.co/md3FkKLp5X";1.0;menteri badan usaha milik negara bumn erick thohir berbicara mengenai pemilihan presiden pilpres   comdfkklpx;['menteri', 'badan', 'usaha', 'milik', 'negara', 'bumn', 'erick', 'thohir', 'berbicara', 'mengenai', 'pemilihan', 'presiden', 'pilpres', 'comdfkklpx'];['menteri', 'badan', 'usaha', 'milik', 'negara', 'bumn', 'erick', 'thohir', 'berbicara', 'mengenai', 'pemilihan', 'presiden', 'pilpres', 'comdfkklpx'];menteri badan usaha milik negara bumn erick thohir berbicara mengenai pemilihan presiden pilpres comdfkklpx
25;25.0;Di episode kali ini, Joko Anwar akan bercerita mengenai masa kecil, remaja, hingga jatuh bangun dirinya dalam berkaâ€¦ https://t.co/FPWo0CUmpP;0.0;di episode kali ini joko anwar akan bercerita mengenai masa kecil remaja hingga jatuh bangun dirinya dalam berka cofpwocumpp;['di', 'episode', 'kali', 'ini', 'joko', 'anwar', 'akan', 'bercerita', 'mengenai', 'masa', 'kecil', 'remaja', 'hingga', 'jatuh', 'bangun', 'dirinya', 'dalam', 'berka', 'cofpwocumpp'];['di', 'episode', 'kali', 'ini', 'joko', 'anwar', 'akan', 'bercerita', 'mengenai', 'masa', 'kecil', 'remaja', 'hingga', 'jatuh', 'bangun', 'dirinya', 'dalam', 'berka', 'cofpwocumpp'];di episode kali ini joko anwar akan bercerita mengenai masa kecil remaja hingga jatuh bangun dirinya dalam berka cofpwocumpp
26;26.0;Takdir mengantarkannya menjadi sutradara dan produser bertangan dingin dengan karya-karya yang tak hanya mewarnai iâ€¦ https://t.co/DIctkioldm;0.0;takdir mengantarkannya menjadi sutradara dan produser bertangan dingin dengan karya karya yang tak hanya mewarnai codictkioldm;['takdir', 'mengantarkannya', 'menjadi', 'sutradara', 'dan', 'produser', 'bertangan', 'dingin', 'dengan', 'karya', 'karya', 'yang', 'tak', 'hanya', 'mewarnai', 'codictkioldm'];['takdir', 'mengantarkannya', 'menjadi', 'sutradara', 'dan', 'produser', 'bertangan', 'dingin', 'dengan', 'karya', 'karya', 'yang', 'tak', 'hanya', 'mewarnai', 'codictkioldm'];takdir mengantarkannya menjadi sutradara dan produser bertangan dingin dengan karya karya yang tak hanya mewarnai codictkioldm
27;27.0;Namun lingkungan keluarganya tidak mendukungnya dan malah meredupkan keinginannya itu. Namun, pertemuannya dengan sâ€¦ https://t.co/vf155lnk7X;0.0;namun lingkungan keluarganya tidak mendukungnya dan malah meredupkan keinginannya itu namun pertemuannya dengan covflnkx;['namun', 'lingkungan', 'keluarganya', 'tidak', 'mendukungnya', 'dan', 'malah', 'meredupkan', 'keinginannya', 'itu', 'namun', 'pertemuannya', 'dengan', 'covflnkx'];['namun', 'lingkungan', 'keluarganya', 'tidak', 'mendukungnya', 'dan', 'malah', 'meredupkan', 'keinginannya', 'itu', 'namun', 'pertemuannya', 'dengan', 'covflnkx'];namun lingkungan keluarganya tidak mendukungnya dan malah meredupkan keinginannya itu namun pertemuannya dengan covflnkx
28;28.0;"Manifesto: Mencari Makna Sinema di Kepala Joko Anwar

Dikenal sebagai kreator film-film horor hits Indonesia tak laâ€¦ https://t.co/tagHj4RAb6";0.0;manifesto mencari makna sinema di kepala joko anwar dikenal sebagai kreator film film horor hits indonesia tak la cotaghjrab;['manifesto', 'mencari', 'makna', 'sinema', 'di', 'kepala', 'joko', 'anwar', 'dikenal', 'sebagai', 'kreator', 'film', 'film', 'horor', 'hits', 'indonesia', 'tak', 'la', 'cotaghjrab'];['manifesto', 'mencari', 'makna', 'sinema', 'di', 'kepala', 'joko', 'anwar', 'dikenal', 'sebagai', 'kreator', 'film', 'film', 'horor', 'hits', 'indonesia', 'tak', 'la', 'cotaghjrab'];manifesto mencari makna sinema di kepala joko anwar dikenal sebagai kreator film film horor hits indonesia tak la cotaghjrab
29;29.0;Polda Metro Jaya juga mendalami afiliasi yang bersangkutan seraya memastikan investigasi kasus tersebut akan dilaksâ€¦ https://t.co/8SriwSKQHw;0.0;polda metro jaya juga mendalami afiliasi yang bersangkutan seraya memastikan investigasi kasus tersebut akan dilaks cosriwskqhw;['polda', 'metro', 'jaya', 'juga', 'mendalami', 'afiliasi', 'yang', 'bersangkutan', 'seraya', 'memastikan', 'investigasi', 'kasus', 'tersebut', 'akan', 'dilaks', 'cosriwskqhw'];['polda', 'metro', 'jaya', 'juga', 'mendalami', 'afiliasi', 'yang', 'bersangkutan', 'seraya', 'memastikan', 'investigasi', 'kasus', 'tersebut', 'akan', 'dilaks', 'cosriwskqhw'];polda metro jaya juga mendalami afiliasi yang bersangkutan seraya memastikan investigasi kasus tersebut akan dilaks cosriwskqhw
30;30.0;Ganjar Pranowo berhasil meraup suara NasDem.Â Anies menempati posisi ketiga dengan persentase elektoral hanya 15,4 pâ€¦ https://t.co/prS5Or04yD;1.0;ganjar pranowo berhasil meraup suara nasdem anies menempati posisi ketiga dengan persentase elektoral hanya     coprsoryd;['ganjar', 'pranowo', 'berhasil', 'meraup', 'suara', 'nasdem', 'anies', 'menempati', 'posisi', 'ketiga', 'dengan', 'persentase', 'elektoral', 'hanya', 'coprsoryd'];['ganjar', 'pranowo', 'berhasil', 'meraup', 'suara', 'nasdem', 'anies', 'menempati', 'posisi', 'ketiga', 'dengan', 'persentase', 'elektoral', 'hanya', 'coprsoryd'];ganjar pranowo berhasil meraup suara nasdem anies menempati posisi ketiga dengan persentase elektoral hanya coprsoryd
31;31.0;Pemusnahan ladang ganja melibatkan 131 personel gabungan BNN, Polri, TNI, kejaksaan bea cukai, dan unsur pemerintahâ€¦ https://t.co/TYnZ40xIbK;0.0;pemusnahan ladang ganja melibatkan   personel gabungan bnn polri tni kejaksaan bea cukai dan unsur pemerintah cotynz;['pemusnahan', 'ladang', 'ganja', 'melibatkan', 'personel', 'gabungan', 'bnn', 'polri', 'tni', 'kejaksaan', 'bea', 'cukai', 'dan', 'unsur', 'pemerintah', 'cotynz'];['pemusnahan', 'ladang', 'ganja', 'melibatkan', 'personel', 'gabungan', 'bnn', 'polri', 'tni', 'kejaksaan', 'bea', 'cukai', 'dan', 'unsur', 'pemerintah', 'cotynz'];pemusnahan ladang ganja melibatkan personel gabungan bnn polri tni kejaksaan bea cukai dan unsur pemerintah cotynz
32;32.0;"Whatsapp down. Pihak WhatsApp mengakui terjadi pemadaman dan sedang bekerja untuk memulihkannya.

https://t.co/xS0BhpxVIZ";0.0;whatsapp down pihak whatsapp mengakui terjadi pemadaman dan sedang bekerja untuk memulihkannya co;['whatsapp', 'down', 'pihak', 'whatsapp', 'mengakui', 'terjadi', 'pemadaman', 'dan', 'sedang', 'bekerja', 'untuk', 'memulihkannya', 'co'];['whatsapp', 'down', 'pihak', 'whatsapp', 'mengakui', 'terjadi', 'pemadaman', 'dan', 'sedang', 'bekerja', 'untuk', 'memulihkannya', 'co'];whatsapp down pihak whatsapp mengakui terjadi pemadaman dan sedang bekerja untuk memulihkannya co
33;33.0;"Polisi dalami asal pistol yang dibawa perempuan tersebut. Senjata api itu sempat ditodongkan ke anggota Paspampres.

https://t.co/fS2yByWrd6";0.0;polisi dalami asal pistol yang dibawa perempuan tersebut senjata api itu sempat ditodongkan ke anggota paspampres cofsybywrd;['polisi', 'dalami', 'asal', 'pistol', 'yang', 'dibawa', 'perempuan', 'tersebut', 'senjata', 'api', 'itu', 'sempat', 'ditodongkan', 'ke', 'anggota', 'paspampres', 'cofsybywrd'];['polisi', 'dalami', 'asal', 'pistol', 'yang', 'dibawa', 'perempuan', 'tersebut', 'senjata', 'api', 'itu', 'sempat', 'ditodongkan', 'ke', 'anggota', 'paspampres', 'cofsybywrd'];polisi dalami asal pistol yang dibawa perempuan tersebut senjata api itu sempat ditodongkan ke anggota paspampres cofsybywrd
34;34.0;"Dewan Kolonel disebut-sebut sebagai wadah bagi pendukung Puan Maharani sebagai calon presiden (capres). 

https://t.co/Myx3ODiuAF";1.0;dewan kolonel disebut sebut sebagai wadah bagi pendukung puan maharani sebagai calon presiden capres comy;['dewan', 'kolonel', 'disebut', 'sebut', 'sebagai', 'wadah', 'bagi', 'pendukung', 'puan', 'maharani', 'sebagai', 'calon', 'presiden', 'capres', 'comy'];['dewan', 'kolonel', 'disebut', 'sebut', 'sebagai', 'wadah', 'bagi', 'pendukung', 'puan', 'maharani', 'sebagai', 'calon', 'presiden', 'capres', 'comy'];dewan kolonel disebut sebut sebagai wadah bagi pendukung puan maharani sebagai calon presiden capres comy
35;35.0;Kuasa Hukum keluarga Brigadir J, Kamaruddin Simanjuntak menuding Putri Candrawathi turut menembak Brigadir Nofriansâ€¦ https://t.co/V23vd5IbgO;1.0;kuasa hukum keluarga brigadir kamaruddin simanjuntak menuding putri candrawathi turut menembak brigadir nofrians covvdibgo;['kuasa', 'hukum', 'keluarga', 'brigadir', 'kamaruddin', 'simanjuntak', 'menuding', 'putri', 'candrawathi', 'turut', 'menembak', 'brigadir', 'nofrians', 'covvdibgo'];['kuasa', 'hukum', 'keluarga', 'brigadir', 'kamaruddin', 'simanjuntak', 'menuding', 'putri', 'candrawathi', 'turut', 'menembak', 'brigadir', 'nofrians', 'covvdibgo'];kuasa hukum keluarga brigadir kamaruddin simanjuntak menuding putri candrawathi turut menembak brigadir nofrians covvdibgo
36;36.0;Manifesto bersama @Jokoanwar, sesaat lagi hanya di Asumsi. https://t.co/HJz44M9iqH;0.0;manifesto bersama jokoanwar sesaat lagi hanya di asumsi cohjzmiqh;['manifesto', 'bersama', 'jokoanwar', 'sesaat', 'lagi', 'hanya', 'di', 'asumsi', 'cohjzmiqh'];['manifesto', 'bersama', 'jokoanwar', 'sesaat', 'lagi', 'hanya', 'di', 'asumsi', 'cohjzmiqh'];manifesto bersama jokoanwar sesaat lagi hanya di asumsi cohjzmiqh
37;37.0;"â€œPemerintah mewajibkan vaksinasi booster, tapi barangnya langka,â€ ujar Koordinator Advokasi LaporCovid-19, Firdaus.

https://t.co/xujQDDQmzr";0.0;pemerintah mewajibkan vaksinasi booster tapi barangnya langka ujar koordinator advokasi laporcovid   firdaus co;['pemerintah', 'mewajibkan', 'vaksinasi', 'booster', 'tapi', 'barangnya', 'langka', 'ujar', 'koordinator', 'advokasi', 'laporcovid', 'firdaus', 'co'];['pemerintah', 'mewajibkan', 'vaksinasi', 'booster', 'tapi', 'barangnya', 'langka', 'ujar', 'koordinator', 'advokasi', 'laporcovid', 'firdaus', 'co'];pemerintah mewajibkan vaksinasi booster tapi barangnya langka ujar koordinator advokasi laporcovid firdaus co
38;38.0;"Pemerintah melarang bahan bakar minyak (BBM) dengan kadar RON 89 dan 88 serta yang lebih rendah dari keduanya.

https://t.co/ketfdFhRAD";0.0;pemerintah melarang bahan bakar minyak bbm dengan kadar ron   dan   serta yang lebih rendah dari keduanya coketfdfhrad;['pemerintah', 'melarang', 'bahan', 'bakar', 'minyak', 'bbm', 'dengan', 'kadar', 'ron', 'dan', 'serta', 'yang', 'lebih', 'rendah', 'dari', 'keduanya', 'coketfdfhrad'];['pemerintah', 'melarang', 'bahan', 'bakar', 'minyak', 'bbm', 'dengan', 'kadar', 'ron', 'dan', 'serta', 'yang', 'lebih', 'rendah', 'dari', 'keduanya', 'coketfdfhrad'];pemerintah melarang bahan bakar minyak bbm dengan kadar ron dan serta yang lebih rendah dari keduanya coketfdfhrad
39;39.0;@registaco Turuuuuu!!!;0.0;registaco turuuuuu;['registaco', 'turuuuuu'];['registaco', 'turuuuuu'];registaco turuuuuu
40;40.0;Seorang perempuan dilaporkan berupaya menerobos Istana Negara. Perempuan yang diduga berusia 25 tahun itu sempat meâ€¦ https://t.co/lFxiUEruZa;0.0;seorang perempuan dilaporkan berupaya menerobos istana negara perempuan yang diduga berusia   tahun itu sempat me colf;['seorang', 'perempuan', 'dilaporkan', 'berupaya', 'menerobos', 'istana', 'negara', 'perempuan', 'yang', 'diduga', 'berusia', 'tahun', 'itu', 'sempat', 'me', 'colf'];['seorang', 'perempuan', 'dilaporkan', 'berupaya', 'menerobos', 'istana', 'negara', 'perempuan', 'yang', 'diduga', 'berusia', 'tahun', 'itu', 'sempat', 'me', 'colf'];seorang perempuan dilaporkan berupaya menerobos istana negara perempuan yang diduga berusia tahun itu sempat me colf
41;41.0;@aulianagnf ngobrolin apaan si emangnyah?;0.0;aulianagnf ngobrolin apaan si emangnyah;['aulianagnf', 'ngobrolin', 'apaan', 'si', 'emangnyah'];['aulianagnf', 'ngobrolin', 'apaan', 'si', 'emangnyah'];aulianagnf ngobrolin apaan si emangnyah
42;42.0;Jiakh!!! https://t.co/DyulKGOmTp;0.0;jiakh codyulkgomtp;['jiakh', 'codyulkgomtp'];['jiakh', 'codyulkgomtp'];jiakh codyulkgomtp
43;43.0;Sejauh ini japri masih aman, tapi kalo ke grup mampet. Ada yang sama?;0.0;sejauh ini japri masih aman tapi kalo ke grup mampet ada yang sama;['sejauh', 'ini', 'japri', 'masih', 'aman', 'tapi', 'kalo', 'ke', 'grup', 'mampet', 'ada', 'yang', 'sama'];['sejauh', 'ini', 'japri', 'masih', 'aman', 'tapi', 'kalo', 'ke', 'grup', 'mampet', 'ada', 'yang', 'sama'];sejauh ini japri masih aman tapi kalo ke grup mampet ada yang sama
44;44.0;WhatsApp down? https://t.co/6nETJsQcum;0.0;whatsapp down conetjsqcum;['whatsapp', 'down', 'conetjsqcum'];['whatsapp', 'down', 'conetjsqcum'];whatsapp down conetjsqcum
45;45.0;"Temuan itu terungkap setelah Kemenkes melakukan pengujian sel ginjal atau biopsi pasien gagal ginjal akut.

https://t.co/88av6IgzPZ";0.0;temuan itu terungkap setelah kemenkes melakukan pengujian sel ginjal atau biopsi pasien gagal ginjal akut coavigzpz;['temuan', 'itu', 'terungkap', 'setelah', 'kemenkes', 'melakukan', 'pengujian', 'sel', 'ginjal', 'atau', 'biopsi', 'pasien', 'gagal', 'ginjal', 'akut', 'coavigzpz'];['temuan', 'itu', 'terungkap', 'setelah', 'kemenkes', 'melakukan', 'pengujian', 'sel', 'ginjal', 'atau', 'biopsi', 'pasien', 'gagal', 'ginjal', 'akut', 'coavigzpz'];temuan itu terungkap setelah kemenkes melakukan pengujian sel ginjal atau biopsi pasien gagal ginjal akut coavigzpz
46;46.0;"ðŸ‘€ðŸ‘€ðŸ‘€

@jokoanwar https://t.co/t6JjU0VGwg";0.0;jokoanwar cotjjuvgwg;['jokoanwar', 'cotjjuvgwg'];['jokoanwar', 'cotjjuvgwg'];jokoanwar cotjjuvgwg
47;47.0;"Inget gak, berapa kali gagal saat tes ini? ðŸ˜…ðŸ˜…

https://t.co/Zku4AF1CbM";0.0;inget gak berapa kali gagal saat tes ini cozkuafcbm;['inget', 'gak', 'berapa', 'kali', 'gagal', 'saat', 'tes', 'ini', 'cozkuafcbm'];['inget', 'gak', 'berapa', 'kali', 'gagal', 'saat', 'tes', 'ini', 'cozkuafcbm'];inget gak berapa kali gagal saat tes ini cozkuafcbm
48;48.0;Ihiiiiiiwwww ðŸ™ŒðŸ™Œ https://t.co/IpEbUUWSop;0.0;ihiiiiiiwwww coipebuuwsop;['ihiiiiiiwwww', 'coipebuuwsop'];['ihiiiiiiwwww', 'coipebuuwsop'];ihiiiiiiwwww coipebuuwsop
49;49.0;"Bharada E menyalami dan berlutut ke orang tua Brigadir J.

https://t.co/dl31WwWuB7";0.0;bharada menyalami dan berlutut ke orang tua brigadir codlwwwub;['bharada', 'menyalami', 'dan', 'berlutut', 'ke', 'orang', 'tua', 'brigadir', 'codlwwwub'];['bharada', 'menyalami', 'dan', 'berlutut', 'ke', 'orang', 'tua', 'brigadir', 'codlwwwub'];bharada menyalami dan berlutut ke orang tua brigadir codlwwwub
50;50.0;Jubir Kemenkes dr. M Syahril mengatakan obat ini dipastikan tidak menggunakan Propilen Glikol, Polietilen Glikol, Sâ€¦ https://t.co/pZ5bDlvLJL;0.0;jubir kemenkes dr syahril mengatakan obat ini dipastikan tidak menggunakan propilen glikol polietilen glikol copzbdlvljl;['jubir', 'kemenkes', 'dr', 'syahril', 'mengatakan', 'obat', 'ini', 'dipastikan', 'tidak', 'menggunakan', 'propilen', 'glikol', 'polietilen', 'glikol', 'copzbdlvljl'];['jubir', 'kemenkes', 'dr', 'syahril', 'mengatakan', 'obat', 'ini', 'dipastikan', 'tidak', 'menggunakan', 'propilen', 'glikol', 'polietilen', 'glikol', 'copzbdlvljl'];jubir kemenkes dr syahril mengatakan obat ini dipastikan tidak menggunakan propilen glikol polietilen glikol copzbdlvljl
51;51.0;"Beberapa yang ditarik yakni sampo kering aerosol Dove, Nexxus, Suave, TIGI, dan TRESemmÃ©. 

https://t.co/1Y2MK9Mb6R";0.0;beberapa yang ditarik yakni sampo kering aerosol dove ne suave tigi dan tresemm coymkmbr;['beberapa', 'yang', 'ditarik', 'yakni', 'sampo', 'kering', 'aerosol', 'dove', 'ne', 'suave', 'tigi', 'dan', 'tresemm', 'coymkmbr'];['beberapa', 'yang', 'ditarik', 'yakni', 'sampo', 'kering', 'aerosol', 'dove', 'ne', 'suave', 'tigi', 'dan', 'tresemm', 'coymkmbr'];beberapa yang ditarik yakni sampo kering aerosol dove ne suave tigi dan tresemm coymkmbr
52;52.0;"Seorang Perempuan membawa pistol coba terobos Istana Negara. Disebut sempat todong Paspampres.

https://t.co/tHZ4s5k3t8";0.0;seorang perempuan membawa pistol coba terobos istana negara disebut sempat todong paspampres cothzskt;['seorang', 'perempuan', 'membawa', 'pistol', 'coba', 'terobos', 'istana', 'negara', 'disebut', 'sempat', 'todong', 'paspampres', 'cothzskt'];['seorang', 'perempuan', 'membawa', 'pistol', 'coba', 'terobos', 'istana', 'negara', 'disebut', 'sempat', 'todong', 'paspampres', 'cothzskt'];seorang perempuan membawa pistol coba terobos istana negara disebut sempat todong paspampres cothzskt
53;53.0;Insiden ini bermula ketika anggota Sat Gatur melakukan tugas rutin pelayanan masyarakat penjagaan dan pengaturan diâ€¦ https://t.co/J3UG1TYqyB;0.0;insiden ini bermula ketika anggota sat gatur melakukan tugas rutin pelayanan masyarakat penjagaan dan pengaturan di cojugtyqyb;['insiden', 'ini', 'bermula', 'ketika', 'anggota', 'sat', 'gatur', 'melakukan', 'tugas', 'rutin', 'pelayanan', 'masyarakat', 'penjagaan', 'dan', 'pengaturan', 'di', 'cojugtyqyb'];['insiden', 'ini', 'bermula', 'ketika', 'anggota', 'sat', 'gatur', 'melakukan', 'tugas', 'rutin', 'pelayanan', 'masyarakat', 'penjagaan', 'dan', 'pengaturan', 'di', 'cojugtyqyb'];insiden ini bermula ketika anggota sat gatur melakukan tugas rutin pelayanan masyarakat penjagaan dan pengaturan di cojugtyqyb
54;54.0;Penjabat (Pj) Gubernur DKI Jakarta Heru Budi Hartono meminta Dinas Perhubungan mempercepat sebaran informasi titikâ€¦ https://t.co/ADZmNoJGlN;1.0;penjabat pj gubernur dki jakarta heru budi hartono meminta dinas perhubungan mempercepat sebaran informasi titik coadzmnojgln;['penjabat', 'pj', 'gubernur', 'dki', 'jakarta', 'heru', 'budi', 'hartono', 'meminta', 'dinas', 'perhubungan', 'mempercepat', 'sebaran', 'informasi', 'titik', 'coadzmnojgln'];['penjabat', 'pj', 'gubernur', 'dki', 'jakarta', 'heru', 'budi', 'hartono', 'meminta', 'dinas', 'perhubungan', 'mempercepat', 'sebaran', 'informasi', 'titik', 'coadzmnojgln'];penjabat pj gubernur dki jakarta heru budi hartono meminta dinas perhubungan mempercepat sebaran informasi titik coadzmnojgln
55;55.0;"Rishi Sunak menjadi PM Inggris. Karir politik Rishi di Inggris terbilang moncer.

https://t.co/qTIpE7h3sV";1.0;rishi sunak menjadi pm inggris karir politik rishi di inggris terbilang moncer coqtipehsv;['rishi', 'sunak', 'menjadi', 'pm', 'inggris', 'karir', 'politik', 'rishi', 'di', 'inggris', 'terbilang', 'moncer', 'coqtipehsv'];['rishi', 'sunak', 'menjadi', 'pm', 'inggris', 'karir', 'politik', 'rishi', 'di', 'inggris', 'terbilang', 'moncer', 'coqtipehsv'];rishi sunak menjadi pm inggris karir politik rishi di inggris terbilang moncer coqtipehsv
56;56.0;Polisi meringkus seorang wanita bersenjata api yang diduga hendak menerobos Istana Presiden, Jakarta Pusat. Ia membâ€¦ https://t.co/fWPCjgWaN6;0.0;polisi meringkus seorang wanita bersenjata api yang diduga hendak menerobos istana presiden jakarta pusat ia memb cofwpcjgwan;['polisi', 'meringkus', 'seorang', 'wanita', 'bersenjata', 'api', 'yang', 'diduga', 'hendak', 'menerobos', 'istana', 'presiden', 'jakarta', 'pusat', 'ia', 'memb', 'cofwpcjgwan'];['polisi', 'meringkus', 'seorang', 'wanita', 'bersenjata', 'api', 'yang', 'diduga', 'hendak', 'menerobos', 'istana', 'presiden', 'jakarta', 'pusat', 'ia', 'memb', 'cofwpcjgwan'];polisi meringkus seorang wanita bersenjata api yang diduga hendak menerobos istana presiden jakarta pusat ia memb cofwpcjgwan
57;57.0;"Insiden itu terjadi pada Selasa (25/10/2022) pukul 07.00 WIB di pintu masuk Istana Negara.

https://t.co/h1CvLPOEGM";0.0;insiden itu terjadi pada selasa   pukul     wib di pintu masuk istana negara cohcvlpoegm;['insiden', 'itu', 'terjadi', 'pada', 'selasa', 'pukul', 'wib', 'di', 'pintu', 'masuk', 'istana', 'negara', 'cohcvlpoegm'];['insiden', 'itu', 'terjadi', 'pada', 'selasa', 'pukul', 'wib', 'di', 'pintu', 'masuk', 'istana', 'negara', 'cohcvlpoegm'];insiden itu terjadi pada selasa pukul wib di pintu masuk istana negara cohcvlpoegm
58;58.0;Mahfud mengatakan peralihan tersebut dilakukan secara bertahap karena masih ada beberapa infrastruktur, yakni set tâ€¦ https://t.co/HmqIFeLhYX;0.0;mahfud mengatakan peralihan tersebut dilakukan secara bertahap karena masih ada beberapa infrastruktur yakni set cohmqifelhyx;['mahfud', 'mengatakan', 'peralihan', 'tersebut', 'dilakukan', 'secara', 'bertahap', 'karena', 'masih', 'ada', 'beberapa', 'infrastruktur', 'yakni', 'set', 'cohmqifelhyx'];['mahfud', 'mengatakan', 'peralihan', 'tersebut', 'dilakukan', 'secara', 'bertahap', 'karena', 'masih', 'ada', 'beberapa', 'infrastruktur', 'yakni', 'set', 'cohmqifelhyx'];mahfud mengatakan peralihan tersebut dilakukan secara bertahap karena masih ada beberapa infrastruktur yakni set cohmqifelhyx
59;59.0;Penahanan itu lantaran penyidik menganggap pemeriksaan terhadap para tersangka sudah memadai. Sehingga dinilai sudaâ€¦ https://t.co/AOJfNix5gD;1.0;penahanan itu lantaran penyidik menganggap pemeriksaan terhadap para tersangka sudah memadai sehingga dinilai suda coaojfni;['penahanan', 'itu', 'lantaran', 'penyidik', 'menganggap', 'pemeriksaan', 'terhadap', 'para', 'tersangka', 'sudah', 'memadai', 'sehingga', 'dinilai', 'suda', 'coaojfni'];['penahanan', 'itu', 'lantaran', 'penyidik', 'menganggap', 'pemeriksaan', 'terhadap', 'para', 'tersangka', 'sudah', 'memadai', 'sehingga', 'dinilai', 'suda', 'coaojfni'];penahanan itu lantaran penyidik menganggap pemeriksaan terhadap para tersangka sudah memadai sehingga dinilai suda coaojfni
60;60.0;"Obat ini dianggap efektif untuk melawan penyakit gagal ginjal akut misterius yang kini marak menimpa anak-anak.

https://t.co/ome5FD4HPy";0.0;obat ini dianggap efektif untuk melawan penyakit gagal ginjal akut misterius yang kini marak menimpa anak anak coomefdhpy;['obat', 'ini', 'dianggap', 'efektif', 'untuk', 'melawan', 'penyakit', 'gagal', 'ginjal', 'akut', 'misterius', 'yang', 'kini', 'marak', 'menimpa', 'anak', 'anak', 'coomefdhpy'];['obat', 'ini', 'dianggap', 'efektif', 'untuk', 'melawan', 'penyakit', 'gagal', 'ginjal', 'akut', 'misterius', 'yang', 'kini', 'marak', 'menimpa', 'anak', 'anak', 'coomefdhpy'];obat ini dianggap efektif untuk melawan penyakit gagal ginjal akut misterius yang kini marak menimpa anak anak coomefdhpy
61;61.0;Kepala Kantor Pencarian dan Pertolongan Kupang, I Putu Sudayana mengungkap pihaknya masih dalam proses pencarian beâ€¦ https://t.co/x5u86ZgXkN;0.0;kepala kantor pencarian dan pertolongan kupang putu sudayana mengungkap pihaknya masih dalam proses pencarian be co;['kepala', 'kantor', 'pencarian', 'dan', 'pertolongan', 'kupang', 'putu', 'sudayana', 'mengungkap', 'pihaknya', 'masih', 'dalam', 'proses', 'pencarian', 'be', 'co'];['kepala', 'kantor', 'pencarian', 'dan', 'pertolongan', 'kupang', 'putu', 'sudayana', 'mengungkap', 'pihaknya', 'masih', 'dalam', 'proses', 'pencarian', 'be', 'co'];kepala kantor pencarian dan pertolongan kupang putu sudayana mengungkap pihaknya masih dalam proses pencarian be co
62;62.0;Kapal Feri Cepat (KFC) Cantika 77 pelayaran dari Kupang ke Kalabahi, Kabupaten Alorm, NTT terbakar, Senin (24/10/20â€¦ https://t.co/pu2QIzN7F8;0.0;kapal feri cepat kfc cantika   pelayaran dari kupang ke kalabahi kabupaten alorm ntt terbakar senin   copuqiznf;['kapal', 'feri', 'cepat', 'kfc', 'cantika', 'pelayaran', 'dari', 'kupang', 'ke', 'kalabahi', 'kabupaten', 'alorm', 'ntt', 'terbakar', 'senin', 'copuqiznf'];['kapal', 'feri', 'cepat', 'kfc', 'cantika', 'pelayaran', 'dari', 'kupang', 'ke', 'kalabahi', 'kabupaten', 'alorm', 'ntt', 'terbakar', 'senin', 'copuqiznf'];kapal feri cepat kfc cantika pelayaran dari kupang ke kalabahi kabupaten alorm ntt terbakar senin copuqiznf
63;63.0;Wuiiiih ðŸ™ŒðŸ¼ðŸ™ŒðŸ¼ https://t.co/izdFNi0OuW;0.0;wuiiiih coizdfniouw;['wuiiiih', 'coizdfniouw'];['wuiiiih', 'coizdfniouw'];wuiiiih coizdfniouw
64;64.0;â€œSaya orang diklat. Semua kader mesti siap apapun,â€ kata Ganjar di Kantor DPP PDIP, Jalan Diponegoro, Jakarta Pusatâ€¦ https://t.co/c78xFpxlOe;1.0;saya orang diklat semua kader mesti siap apapun kata ganjar di kantor dpp pdip jalan diponegoro jakarta pusat coc;['saya', 'orang', 'diklat', 'semua', 'kader', 'mesti', 'siap', 'apapun', 'kata', 'ganjar', 'di', 'kantor', 'dpp', 'pdip', 'jalan', 'diponegoro', 'jakarta', 'pusat', 'coc'];['saya', 'orang', 'diklat', 'semua', 'kader', 'mesti', 'siap', 'apapun', 'kata', 'ganjar', 'di', 'kantor', 'dpp', 'pdip', 'jalan', 'diponegoro', 'jakarta', 'pusat', 'coc'];saya orang diklat semua kader mesti siap apapun kata ganjar di kantor dpp pdip jalan diponegoro jakarta pusat coc
65;65.0;"ðŸš¨ðŸš¨ðŸš¨

Rishi SunakÂ jadi Perdana MenteriÂ Inggris menggantikan posisi Liz Truss yang mundur belum lama ini.

Eks Menterâ€¦ https://t.co/ykMiRdGxaM";0.0;rishi sunak jadi perdana menteri inggris menggantikan posisi liz truss yang mundur belum lama ini eks menter coykmirdg;['rishi', 'sunak', 'jadi', 'perdana', 'menteri', 'inggris', 'menggantikan', 'posisi', 'liz', 'truss', 'yang', 'mundur', 'belum', 'lama', 'ini', 'eks', 'menter', 'coykmirdg'];['rishi', 'sunak', 'jadi', 'perdana', 'menteri', 'inggris', 'menggantikan', 'posisi', 'liz', 'truss', 'yang', 'mundur', 'belum', 'lama', 'ini', 'eks', 'menter', 'coykmirdg'];rishi sunak jadi perdana menteri inggris menggantikan posisi liz truss yang mundur belum lama ini eks menter coykmirdg
66;66.0;Dewan Pimpinan Pusat (DPP) PDI Perjuangan memberikan sanksi dalam bentuk teguran lisan kepada Gubernur Jawa Tengahâ€¦ https://t.co/wXytkZfmcc;1.0;dewan pimpinan pusat dpp pdi perjuangan memberikan sanksi dalam bentuk teguran lisan kepada gubernur jawa tengah co;['dewan', 'pimpinan', 'pusat', 'dpp', 'pdi', 'perjuangan', 'memberikan', 'sanksi', 'dalam', 'bentuk', 'teguran', 'lisan', 'kepada', 'gubernur', 'jawa', 'tengah', 'co'];['dewan', 'pimpinan', 'pusat', 'dpp', 'pdi', 'perjuangan', 'memberikan', 'sanksi', 'dalam', 'bentuk', 'teguran', 'lisan', 'kepada', 'gubernur', 'jawa', 'tengah', 'co'];dewan pimpinan pusat dpp pdi perjuangan memberikan sanksi dalam bentuk teguran lisan kepada gubernur jawa tengah co
67;67.0;Pelaku diancam dengan pasal berlapis. Yaitu, pembunuhan berencana, perampokan yang mengakibatkan korban meninggal dâ€¦ https://t.co/UCgOhqPLfh;0.0;pelaku diancam dengan pasal berlapis yaitu pembunuhan berencana perampokan yang mengakibatkan korban meninggal coucgohqplfh;['pelaku', 'diancam', 'dengan', 'pasal', 'berlapis', 'yaitu', 'pembunuhan', 'berencana', 'perampokan', 'yang', 'mengakibatkan', 'korban', 'meninggal', 'coucgohqplfh'];['pelaku', 'diancam', 'dengan', 'pasal', 'berlapis', 'yaitu', 'pembunuhan', 'berencana', 'perampokan', 'yang', 'mengakibatkan', 'korban', 'meninggal', 'coucgohqplfh'];pelaku diancam dengan pasal berlapis yaitu pembunuhan berencana perampokan yang mengakibatkan korban meninggal coucgohqplfh
68;68.0;â€œKami dari kerajaan Saudi sangat menyambut jamaah Indonesia tanpa ada batasan terkait kesehatan, jumlah dan kami saâ€¦ https://t.co/0tpxJOkcrX;0.0;kami dari kerajaan saudi sangat menyambut jamaah indonesia tanpa ada batasan terkait kesehatan jumlah dan kami sa cotp;['kami', 'dari', 'kerajaan', 'saudi', 'sangat', 'menyambut', 'jamaah', 'indonesia', 'tanpa', 'ada', 'batasan', 'terkait', 'kesehatan', 'jumlah', 'dan', 'kami', 'sa', 'cotp'];['kami', 'dari', 'kerajaan', 'saudi', 'sangat', 'menyambut', 'jamaah', 'indonesia', 'tanpa', 'ada', 'batasan', 'terkait', 'kesehatan', 'jumlah', 'dan', 'kami', 'sa', 'cotp'];kami dari kerajaan saudi sangat menyambut jamaah indonesia tanpa ada batasan terkait kesehatan jumlah dan kami sa cotp
69;69.0;Hal itu merupakan buntut temuan etilen glikol (EG) dan dietilon glikol (DG) pada sejumlah produk obat yang ditengarâ€¦ https://t.co/K6lylCmA2a;0.0;hal itu merupakan buntut temuan etilen glikol eg dan dietilon glikol dg pada sejumlah produk obat yang ditengar coklylcmaa;['hal', 'itu', 'merupakan', 'buntut', 'temuan', 'etilen', 'glikol', 'eg', 'dan', 'dietilon', 'glikol', 'dg', 'pada', 'sejumlah', 'produk', 'obat', 'yang', 'ditengar', 'coklylcmaa'];['hal', 'itu', 'merupakan', 'buntut', 'temuan', 'etilen', 'glikol', 'eg', 'dan', 'dietilon', 'glikol', 'dg', 'pada', 'sejumlah', 'produk', 'obat', 'yang', 'ditengar', 'coklylcmaa'];hal itu merupakan buntut temuan etilen glikol eg dan dietilon glikol dg pada sejumlah produk obat yang ditengar coklylcmaa
70;70.0;"â€œKami sudah membantah tegas pernyataan Saudara Kamaruddin tersebut,"" ujar Pengacara Putri Candrawathi, Febri Diansyâ€¦ https://t.co/C7Ih6IOzdi";0.0;kami sudah membantah tegas pernyataan saudara kamaruddin tersebut ujar pengacara putri candrawathi febri diansy cocihiozdi;['kami', 'sudah', 'membantah', 'tegas', 'pernyataan', 'saudara', 'kamaruddin', 'tersebut', 'ujar', 'pengacara', 'putri', 'candrawathi', 'febri', 'diansy', 'cocihiozdi'];['kami', 'sudah', 'membantah', 'tegas', 'pernyataan', 'saudara', 'kamaruddin', 'tersebut', 'ujar', 'pengacara', 'putri', 'candrawathi', 'febri', 'diansy', 'cocihiozdi'];kami sudah membantah tegas pernyataan saudara kamaruddin tersebut ujar pengacara putri candrawathi febri diansy cocihiozdi
71;71.0;Kapolri Jenderal Listyo Sigit Prabowo memerintahkan jajarannya berbenah diri dengan memberantas pungutan liar (pungâ€¦ https://t.co/DmQHbI32OX;0.0;kapolri jenderal listyo sigit prabowo memerintahkan jajarannya berbenah diri dengan memberantas pungutan liar pung codmqhbiox;['kapolri', 'jenderal', 'listyo', 'sigit', 'prabowo', 'memerintahkan', 'jajarannya', 'berbenah', 'diri', 'dengan', 'memberantas', 'pungutan', 'liar', 'pung', 'codmqhbiox'];['kapolri', 'jenderal', 'listyo', 'sigit', 'prabowo', 'memerintahkan', 'jajarannya', 'berbenah', 'diri', 'dengan', 'memberantas', 'pungutan', 'liar', 'pung', 'codmqhbiox'];kapolri jenderal listyo sigit prabowo memerintahkan jajarannya berbenah diri dengan memberantas pungutan liar pung codmqhbiox
72;72.0;"Angka paparan kasus gagal ginjal akut mengalami lonjakkan yang cukup signifikan ketimbang beberapa hari lalu.

https://t.co/SDaM1PA0SG";0.0;angka paparan kasus gagal ginjal akut mengalami lonjakkan yang cukup signifikan ketimbang beberapa hari lalu cosdampasg;['angka', 'paparan', 'kasus', 'gagal', 'ginjal', 'akut', 'mengalami', 'lonjakkan', 'yang', 'cukup', 'signifikan', 'ketimbang', 'beberapa', 'hari', 'lalu', 'cosdampasg'];['angka', 'paparan', 'kasus', 'gagal', 'ginjal', 'akut', 'mengalami', 'lonjakkan', 'yang', 'cukup', 'signifikan', 'ketimbang', 'beberapa', 'hari', 'lalu', 'cosdampasg'];angka paparan kasus gagal ginjal akut mengalami lonjakkan yang cukup signifikan ketimbang beberapa hari lalu cosdampasg
73;73.0;Namun, tak ada keterangan lebih lanjut terkait industri mana yang dimaksud. Penny mengatakan tindak pidana yang dilâ€¦ https://t.co/EG3tF0KvcB;0.0;namun tak ada keterangan lebih lanjut terkait industri mana yang dimaksud penny mengatakan tindak pidana yang dil coegtfkvcb;['namun', 'tak', 'ada', 'keterangan', 'lebih', 'lanjut', 'terkait', 'industri', 'mana', 'yang', 'dimaksud', 'penny', 'mengatakan', 'tindak', 'pidana', 'yang', 'dil', 'coegtfkvcb'];['namun', 'tak', 'ada', 'keterangan', 'lebih', 'lanjut', 'terkait', 'industri', 'mana', 'yang', 'dimaksud', 'penny', 'mengatakan', 'tindak', 'pidana', 'yang', 'dil', 'coegtfkvcb'];namun tak ada keterangan lebih lanjut terkait industri mana yang dimaksud penny mengatakan tindak pidana yang dil coegtfkvcb
74;74.0;Presiden Joko Widodo panggil Kepala BPOM, Penny Lukito dan Menteri Kesehatan, Budi Gunadi Sadikin untuk membahas teâ€¦ https://t.co/VPVElPhQvE;0.0;presiden joko widodo panggil kepala bpom penny lukito dan menteri kesehatan budi gunadi sadikin untuk membahas te covpvelphqve;['presiden', 'joko', 'widodo', 'panggil', 'kepala', 'bpom', 'penny', 'lukito', 'dan', 'menteri', 'kesehatan', 'budi', 'gunadi', 'sadikin', 'untuk', 'membahas', 'te', 'covpvelphqve'];['presiden', 'joko', 'widodo', 'panggil', 'kepala', 'bpom', 'penny', 'lukito', 'dan', 'menteri', 'kesehatan', 'budi', 'gunadi', 'sadikin', 'untuk', 'membahas', 'te', 'covpvelphqve'];presiden joko widodo panggil kepala bpom penny lukito dan menteri kesehatan budi gunadi sadikin untuk membahas te covpvelphqve
75;75.0;"Presiden Joko Widodo atau Jokowi menegaskan komitmen dukungan terhadap kemerdekaan Palestina.

https://t.co/GvA39d1E3o";1.0;presiden joko widodo atau jokowi menegaskan komitmen dukungan terhadap kemerdekaan palestina cogvadeo;['presiden', 'joko', 'widodo', 'atau', 'jokowi', 'menegaskan', 'komitmen', 'dukungan', 'terhadap', 'kemerdekaan', 'palestina', 'cogvadeo'];['presiden', 'joko', 'widodo', 'atau', 'jokowi', 'menegaskan', 'komitmen', 'dukungan', 'terhadap', 'kemerdekaan', 'palestina', 'cogvadeo'];presiden joko widodo atau jokowi menegaskan komitmen dukungan terhadap kemerdekaan palestina cogvadeo
77;77.0;Pasti kalian udah tau dong, kalau Presiden Jokowi selalu mengunggah ucapan di hari nasional dalam bentuk poster, meâ€¦ https://t.co/UiAOyHsblb;1.0;pasti kalian udah tau dong kalau presiden jokowi selalu mengunggah ucapan di hari nasional dalam bentuk poster me couiaoyhsblb;['pasti', 'kalian', 'udah', 'tau', 'dong', 'kalau', 'presiden', 'jokowi', 'selalu', 'mengunggah', 'ucapan', 'di', 'hari', 'nasional', 'dalam', 'bentuk', 'poster', 'me', 'couiaoyhsblb'];['pasti', 'kalian', 'udah', 'tau', 'dong', 'kalau', 'presiden', 'jokowi', 'selalu', 'mengunggah', 'ucapan', 'di', 'hari', 'nasional', 'dalam', 'bentuk', 'poster', 'me', 'couiaoyhsblb'];pasti kalian udah tau dong kalau presiden jokowi selalu mengunggah ucapan di hari nasional dalam bentuk poster me couiaoyhsblb
78;78.0;Hihi.. mana nih yang jadi favorit kalian dari deretan poster pak Jokowi? coba spill di kolom komentar yaa ðŸ˜ðŸ‘‡ðŸ» https://t.co/NV1VlBlQ0L;1.0;hihi mana nih yang jadi favorit kalian dari deretan poster pak jokowi coba spill di kolom komentar yaa convvlblql;['hihi', 'mana', 'nih', 'yang', 'jadi', 'favorit', 'kalian', 'dari', 'deretan', 'poster', 'pak', 'jokowi', 'coba', 'spill', 'di', 'kolom', 'komentar', 'yaa', 'convvlblql'];['hihi', 'mana', 'nih', 'yang', 'jadi', 'favorit', 'kalian', 'dari', 'deretan', 'poster', 'pak', 'jokowi', 'coba', 'spill', 'di', 'kolom', 'komentar', 'yaa', 'convvlblql'];hihi mana nih yang jadi favorit kalian dari deretan poster pak jokowi coba spill di kolom komentar yaa convvlblql
79;79.0;"AKP Manaek S Ritonga punya harta mencapai Rp11.464.500.000 (Rp11,4 miliar).

https://t.co/UcaWHUT6kA";0.0;akp manaek ritonga punya harta mencapai rp       rp   miliar coucawhutka;['akp', 'manaek', 'ritonga', 'punya', 'harta', 'mencapai', 'rp', 'rp', 'miliar', 'coucawhutka'];['akp', 'manaek', 'ritonga', 'punya', 'harta', 'mencapai', 'rp', 'rp', 'miliar', 'coucawhutka'];akp manaek ritonga punya harta mencapai rp rp miliar coucawhutka
80;80.0;KPK telah menetapkan Lukas Enembe sebagai tersangka kasus dugaan suap dan gratifikasi terkait pekerjaan atau proyekâ€¦ https://t.co/hxmFAamJg6;1.0;kpk telah menetapkan lukas enembe sebagai tersangka kasus dugaan suap dan gratifikasi terkait pekerjaan atau proyek co;['kpk', 'telah', 'menetapkan', 'lukas', 'enembe', 'sebagai', 'tersangka', 'kasus', 'dugaan', 'suap', 'dan', 'gratifikasi', 'terkait', 'pekerjaan', 'atau', 'proyek', 'co'];['kpk', 'telah', 'menetapkan', 'lukas', 'enembe', 'sebagai', 'tersangka', 'kasus', 'dugaan', 'suap', 'dan', 'gratifikasi', 'terkait', 'pekerjaan', 'atau', 'proyek', 'co'];kpk telah menetapkan lukas enembe sebagai tersangka kasus dugaan suap dan gratifikasi terkait pekerjaan atau proyek co
81;81.0;Milenial dan Gen Z menggunakan paylater untuk membeli fesyen, aksesoris, pulsa, gawai, elektronik rumah tangga, hinâ€¦ https://t.co/5anrj1sobY;0.0;milenial dan gen menggunakan paylater untuk membeli fesyen aksesoris pulsa gawai elektronik rumah tangga hin coanrjsoby;['milenial', 'dan', 'gen', 'menggunakan', 'paylater', 'untuk', 'membeli', 'fesyen', 'aksesoris', 'pulsa', 'gawai', 'elektronik', 'rumah', 'tangga', 'hin', 'coanrjsoby'];['milenial', 'dan', 'gen', 'menggunakan', 'paylater', 'untuk', 'membeli', 'fesyen', 'aksesoris', 'pulsa', 'gawai', 'elektronik', 'rumah', 'tangga', 'hin', 'coanrjsoby'];milenial dan gen menggunakan paylater untuk membeli fesyen aksesoris pulsa gawai elektronik rumah tangga hin coanrjsoby
82;82.0;"Kapolri Jenderal Listyo Sigit Prabowo mengancam akan mencopot jajarannya yang meminta uang 'setoran' ke bawahannya.

https://t.co/9G0vAY5mAH";1.0;kapolri jenderal listyo sigit prabowo mengancam akan mencopot jajarannya yang meminta uang setoran ke bawahannya cogvaymah;['kapolri', 'jenderal', 'listyo', 'sigit', 'prabowo', 'mengancam', 'akan', 'mencopot', 'jajarannya', 'yang', 'meminta', 'uang', 'setoran', 'ke', 'bawahannya', 'cogvaymah'];['kapolri', 'jenderal', 'listyo', 'sigit', 'prabowo', 'mengancam', 'akan', 'mencopot', 'jajarannya', 'yang', 'meminta', 'uang', 'setoran', 'ke', 'bawahannya', 'cogvaymah'];kapolri jenderal listyo sigit prabowo mengancam akan mencopot jajarannya yang meminta uang setoran ke bawahannya cogvaymah
83;83.0;Kuasa Hukum Putri Candrawathi, Febri Diansyah menegaskan bahwa ada insiden kekerasan seksual yang dialami Putri diâ€¦ https://t.co/mmaQx0tn12;0.0;kuasa hukum putri candrawathi febri diansyah menegaskan bahwa ada insiden kekerasan seksual yang dialami putri di commaq;['kuasa', 'hukum', 'putri', 'candrawathi', 'febri', 'diansyah', 'menegaskan', 'bahwa', 'ada', 'insiden', 'kekerasan', 'seksual', 'yang', 'dialami', 'putri', 'di', 'commaq'];['kuasa', 'hukum', 'putri', 'candrawathi', 'febri', 'diansyah', 'menegaskan', 'bahwa', 'ada', 'insiden', 'kekerasan', 'seksual', 'yang', 'dialami', 'putri', 'di', 'commaq'];kuasa hukum putri candrawathi febri diansyah menegaskan bahwa ada insiden kekerasan seksual yang dialami putri di commaq
84;84.0;Menurut Xi Jinping, China tidak bisa berkembang hanya dengan mengisolasi diri. Sebaliknya, dunia juga membutuhkan Câ€¦ https://t.co/T0fK0sIwtu;0.0;menurut jinping china tidak bisa berkembang hanya dengan mengisolasi diri sebaliknya dunia juga membutuhkan cotfksiwtu;['menurut', 'jinping', 'china', 'tidak', 'bisa', 'berkembang', 'hanya', 'dengan', 'mengisolasi', 'diri', 'sebaliknya', 'dunia', 'juga', 'membutuhkan', 'cotfksiwtu'];['menurut', 'jinping', 'china', 'tidak', 'bisa', 'berkembang', 'hanya', 'dengan', 'mengisolasi', 'diri', 'sebaliknya', 'dunia', 'juga', 'membutuhkan', 'cotfksiwtu'];menurut jinping china tidak bisa berkembang hanya dengan mengisolasi diri sebaliknya dunia juga membutuhkan cotfksiwtu
85;85.0;Badan Pengawas Obat dan Makanan (BPOM) RI merilis daftar 133 produk obat sirup yang dinyatakan aman digunakan sesuaâ€¦ https://t.co/OV0Lxz5to2;0.0;badan pengawas obat dan makanan bpom ri merilis daftar   produk obat sirup yang dinyatakan aman digunakan sesua coovl;['badan', 'pengawas', 'obat', 'dan', 'makanan', 'bpom', 'ri', 'merilis', 'daftar', 'produk', 'obat', 'sirup', 'yang', 'dinyatakan', 'aman', 'digunakan', 'sesua', 'coovl'];['badan', 'pengawas', 'obat', 'dan', 'makanan', 'bpom', 'ri', 'merilis', 'daftar', 'produk', 'obat', 'sirup', 'yang', 'dinyatakan', 'aman', 'digunakan', 'sesua', 'coovl'];badan pengawas obat dan makanan bpom ri merilis daftar produk obat sirup yang dinyatakan aman digunakan sesua coovl
86;86.0;"Kepuasan masyarakat terhadap Pemerintahan Jokowi-Maruf turun sebesar lima persen jika dibanding Juni 2022.Â 

https://t.co/vuL85KfLgq";1.0;kepuasan masyarakat terhadap pemerintahan jokowi maruf turun sebesar lima persen jika dibanding juni   covulkflgq;['kepuasan', 'masyarakat', 'terhadap', 'pemerintahan', 'jokowi', 'maruf', 'turun', 'sebesar', 'lima', 'persen', 'jika', 'dibanding', 'juni', 'covulkflgq'];['kepuasan', 'masyarakat', 'terhadap', 'pemerintahan', 'jokowi', 'maruf', 'turun', 'sebesar', 'lima', 'persen', 'jika', 'dibanding', 'juni', 'covulkflgq'];kepuasan masyarakat terhadap pemerintahan jokowi maruf turun sebesar lima persen jika dibanding juni covulkflgq
87;87.0;Indonesia sebenernya ngirimin lima petarung dalam turnamen ini. Sayangnya, cuma JekaÂ Saragih yang berhasil melaju hâ€¦ https://t.co/1QvJv7N7C6;0.0;indonesia sebenernya ngirimin lima petarung dalam turnamen ini sayangnya cuma jeka saragih yang berhasil melaju coqvjvnc;['indonesia', 'sebenernya', 'ngirimin', 'lima', 'petarung', 'dalam', 'turnamen', 'ini', 'sayangnya', 'cuma', 'jeka', 'saragih', 'yang', 'berhasil', 'melaju', 'coqvjvnc'];['indonesia', 'sebenernya', 'ngirimin', 'lima', 'petarung', 'dalam', 'turnamen', 'ini', 'sayangnya', 'cuma', 'jeka', 'saragih', 'yang', 'berhasil', 'melaju', 'coqvjvnc'];indonesia sebenernya ngirimin lima petarung dalam turnamen ini sayangnya cuma jeka saragih yang berhasil melaju coqvjvnc
88;88.0;"Road to UFC sendiri adalah ajang pertarungan bagi para atlet Mixed Martial Art (MMA) dari Asia. 

Mereka baku hantaâ€¦ https://t.co/BBX2fL0p0a";0.0;road to ufc sendiri adalah ajang pertarungan bagi para atlet mi martial art mma dari asia mereka baku hanta cobb;['road', 'to', 'ufc', 'sendiri', 'adalah', 'ajang', 'pertarungan', 'bagi', 'para', 'atlet', 'mi', 'martial', 'art', 'mma', 'dari', 'asia', 'mereka', 'baku', 'hanta', 'cobb'];['road', 'to', 'ufc', 'sendiri', 'adalah', 'ajang', 'pertarungan', 'bagi', 'para', 'atlet', 'mi', 'martial', 'art', 'mma', 'dari', 'asia', 'mereka', 'baku', 'hanta', 'cobb'];road to ufc sendiri adalah ajang pertarungan bagi para atlet mi martial art mma dari asia mereka baku hanta cobb
89;89.0;Jeka Asparido Saragih atau Jeka Saragih, selangkah lagi akan mendapatkan kontrak eksklusif dari Ultimate Fighting Câ€¦ https://t.co/DhoM4DJODB;0.0;jeka asparido saragih atau jeka saragih selangkah lagi akan mendapatkan kontrak eksklusif dari ultimate fighting codhomdjodb;['jeka', 'asparido', 'saragih', 'atau', 'jeka', 'saragih', 'selangkah', 'lagi', 'akan', 'mendapatkan', 'kontrak', 'eksklusif', 'dari', 'ultimate', 'fighting', 'codhomdjodb'];['jeka', 'asparido', 'saragih', 'atau', 'jeka', 'saragih', 'selangkah', 'lagi', 'akan', 'mendapatkan', 'kontrak', 'eksklusif', 'dari', 'ultimate', 'fighting', 'codhomdjodb'];jeka asparido saragih atau jeka saragih selangkah lagi akan mendapatkan kontrak eksklusif dari ultimate fighting codhomdjodb
90;90.0;Turut berduka ðŸ¥€ðŸ¥€ https://t.co/xaGN96e9rN;0.0;turut berduka co;['turut', 'berduka', 'co'];['turut', 'berduka', 'co'];turut berduka co
91;91.0;"Jangan lupa makan siang gaes ðŸ™ŒðŸ¼ðŸ™ŒðŸ¼

https://t.co/IlxGQqg0Xq";0.0;jangan lupa makan siang gaes coil;['jangan', 'lupa', 'makan', 'siang', 'gaes', 'coil'];['jangan', 'lupa', 'makan', 'siang', 'gaes', 'coil'];jangan lupa makan siang gaes coil
92;92.0;Namun, penegakan hukum di tempat kejadian perkara (TKP) masih bisa dilakukan saat terjadi kejadian seperti kecelakaâ€¦ https://t.co/tCVwajW9WN;0.0;namun penegakan hukum di tempat kejadian perkara tkp masih bisa dilakukan saat terjadi kejadian seperti kecelaka cotcvwajwwn;['namun', 'penegakan', 'hukum', 'di', 'tempat', 'kejadian', 'perkara', 'tkp', 'masih', 'bisa', 'dilakukan', 'saat', 'terjadi', 'kejadian', 'seperti', 'kecelaka', 'cotcvwajwwn'];['namun', 'penegakan', 'hukum', 'di', 'tempat', 'kejadian', 'perkara', 'tkp', 'masih', 'bisa', 'dilakukan', 'saat', 'terjadi', 'kejadian', 'seperti', 'kecelaka', 'cotcvwajwwn'];namun penegakan hukum di tempat kejadian perkara tkp masih bisa dilakukan saat terjadi kejadian seperti kecelaka cotcvwajwwn
93;93.0;Menurut pihak manajemen, brosur itu sengaja dimasukkan oleh salah seorang karyawan mereka tanpa seizin pihak Restorâ€¦ https://t.co/l1fKerxX2B;0.0;menurut pihak manajemen brosur itu sengaja dimasukkan oleh salah seorang karyawan mereka tanpa seizin pihak restor colfker;['menurut', 'pihak', 'manajemen', 'brosur', 'itu', 'sengaja', 'dimasukkan', 'oleh', 'salah', 'seorang', 'karyawan', 'mereka', 'tanpa', 'seizin', 'pihak', 'restor', 'colfker'];['menurut', 'pihak', 'manajemen', 'brosur', 'itu', 'sengaja', 'dimasukkan', 'oleh', 'salah', 'seorang', 'karyawan', 'mereka', 'tanpa', 'seizin', 'pihak', 'restor', 'colfker'];menurut pihak manajemen brosur itu sengaja dimasukkan oleh salah seorang karyawan mereka tanpa seizin pihak restor colfker
94;94.0;"Maskapai Korean Air itu tergelincir dari landasan pacu pada dalam upaya pendaratan ketiga.

https://t.co/nrKZjlfGnC";0.0;maskapai korean air itu tergelincir dari landasan pacu pada dalam upaya pendaratan ketiga conrkzjlfgnc;['maskapai', 'korean', 'air', 'itu', 'tergelincir', 'dari', 'landasan', 'pacu', 'pada', 'dalam', 'upaya', 'pendaratan', 'ketiga', 'conrkzjlfgnc'];['maskapai', 'korean', 'air', 'itu', 'tergelincir', 'dari', 'landasan', 'pacu', 'pada', 'dalam', 'upaya', 'pendaratan', 'ketiga', 'conrkzjlfgnc'];maskapai korean air itu tergelincir dari landasan pacu pada dalam upaya pendaratan ketiga conrkzjlfgnc
95;95.0;"Korban meninggal dunia tersebut bernama FDK (20 tahun) warga Kelurahan Mojolangu, Kota Malang. 

https://t.co/hS6dwbX088";0.0;korban meninggal dunia tersebut bernama fdk   tahun warga kelurahan mojolangu kota malang cohsdwb;['korban', 'meninggal', 'dunia', 'tersebut', 'bernama', 'fdk', 'tahun', 'warga', 'kelurahan', 'mojolangu', 'kota', 'malang', 'cohsdwb'];['korban', 'meninggal', 'dunia', 'tersebut', 'bernama', 'fdk', 'tahun', 'warga', 'kelurahan', 'mojolangu', 'kota', 'malang', 'cohsdwb'];korban meninggal dunia tersebut bernama fdk tahun warga kelurahan mojolangu kota malang cohsdwb
96;96.0;Australia menyebut gugusan Pulau Pasir sebagai Ashmore Reef. Gugusan Pulau Pasir memang tidak banyak dikenal masyarâ€¦ https://t.co/xJh6p8VLyK;0.0;australia menyebut gugusan pulau pasir sebagai ashmore reef gugusan pulau pasir memang tidak banyak dikenal masyar co;['australia', 'menyebut', 'gugusan', 'pulau', 'pasir', 'sebagai', 'ashmore', 'reef', 'gugusan', 'pulau', 'pasir', 'memang', 'tidak', 'banyak', 'dikenal', 'masyar', 'co'];['australia', 'menyebut', 'gugusan', 'pulau', 'pasir', 'sebagai', 'ashmore', 'reef', 'gugusan', 'pulau', 'pasir', 'memang', 'tidak', 'banyak', 'dikenal', 'masyar', 'co'];australia menyebut gugusan pulau pasir sebagai ashmore reef gugusan pulau pasir memang tidak banyak dikenal masyar co
97;97.0;Pelaku tertangkap pada Minggu sore di kawasan Cicendo, Kota Bandung, Jawa Barat. Kini pelaku telah dibawa ke Polresâ€¦ https://t.co/GWNp4MR9sN;0.0;pelaku tertangkap pada minggu sore di kawasan cicendo kota bandung jawa barat kini pelaku telah dibawa ke polres cogwnpmrsn;['pelaku', 'tertangkap', 'pada', 'minggu', 'sore', 'di', 'kawasan', 'cicendo', 'kota', 'bandung', 'jawa', 'barat', 'kini', 'pelaku', 'telah', 'dibawa', 'ke', 'polres', 'cogwnpmrsn'];['pelaku', 'tertangkap', 'pada', 'minggu', 'sore', 'di', 'kawasan', 'cicendo', 'kota', 'bandung', 'jawa', 'barat', 'kini', 'pelaku', 'telah', 'dibawa', 'ke', 'polres', 'cogwnpmrsn'];pelaku tertangkap pada minggu sore di kawasan cicendo kota bandung jawa barat kini pelaku telah dibawa ke polres cogwnpmrsn
98;98.0;"Kepala BPOM Penny Lukito menjelaskan, masih ada sisa 69 produk lagi yang kini dalam proses sampling dan pengujian.

https://t.co/Jfw1yb5F1M";0.0;kepala bpom penny lukito menjelaskan masih ada sisa   produk lagi yang kini dalam proses sampling dan pengujian cojfwybfm;['kepala', 'bpom', 'penny', 'lukito', 'menjelaskan', 'masih', 'ada', 'sisa', 'produk', 'lagi', 'yang', 'kini', 'dalam', 'proses', 'sampling', 'dan', 'pengujian', 'cojfwybfm'];['kepala', 'bpom', 'penny', 'lukito', 'menjelaskan', 'masih', 'ada', 'sisa', 'produk', 'lagi', 'yang', 'kini', 'dalam', 'proses', 'sampling', 'dan', 'pengujian', 'cojfwybfm'];kepala bpom penny lukito menjelaskan masih ada sisa produk lagi yang kini dalam proses sampling dan pengujian cojfwybfm
99;99.0;"BPOM mengaku sudah menerapkan pengawasan terhadap pencemar dalam bahan baku.Â 

https://t.co/byFR06Keyu";0.0;bpom mengaku sudah menerapkan pengawasan terhadap pencemar dalam bahan baku cobyfrkeyu;['bpom', 'mengaku', 'sudah', 'menerapkan', 'pengawasan', 'terhadap', 'pencemar', 'dalam', 'bahan', 'baku', 'cobyfrkeyu'];['bpom', 'mengaku', 'sudah', 'menerapkan', 'pengawasan', 'terhadap', 'pencemar', 'dalam', 'bahan', 'baku', 'cobyfrkeyu'];bpom mengaku sudah menerapkan pengawasan terhadap pencemar dalam bahan baku cobyfrkeyu
