,Tweets
0,"Apabila kamu setiap hari konsumsi : 

-Gula lebih dari 50 gram
-Garam lebih dari 2.000 mg
-Lemak lebih dari 67 gram‚Ä¶ https://t.co/MvyOkwsA6g"
1,"Update Cakupan Vaksinasi COVID-19 di Indonesia (2/10)
 
#ayovaksin 
#SayaPilihSehat https://t.co/nbLTjuYyNl"
2,"Duka cita mendalam atas kejadian yang menimpa pecinta sepak bola di Stadion Kanjuruhan, Malang ü•Ä

Teriring doa terb‚Ä¶ https://t.co/r3fB5hr0vP"
3,"Update Situasi Terkini Perkembangan #COVID19 di Indonesia (2/10)
 
#LawanCovid19 #jagajarak #dirumahaja‚Ä¶ https://t.co/u4IFoi57DA"
4,"Update Cakupan Vaksinasi COVID-19 di Indonesia (1/10)
 
#ayovaksin 
#SayaPilihSehat https://t.co/ZcBTWUav9F"
5,"#RilisSehat

Wujud Nyata Transformasi Layanan Rujukan, RSUP Dr. M. Djamil Padang Diperluas @KemenkesRI‚Ä¶ https://t.co/EGpuLnk6zL"
6,"Dalam satu hari, berapa banyak garam yang kamu konsumsi #Healthies?

Jika lebih dari 2000 mg natrium atau 1 sendok‚Ä¶ https://t.co/GST1SApQwX"
7,"Update Situasi Terkini Perkembangan #COVID19 di Indonesia (1/10)
 
#LawanCovid19 #jagajarak #dirumahaja‚Ä¶ https://t.co/LFJ2Z1Hi8n"
8,"Selamat Hari Kesaktian Pancasila 

Pancasila memiliki nilai-nilai persatuan dan kemanusiaan yang menjadi semangat k‚Ä¶ https://t.co/NIsiKTaNxQ"
9,"#RilisSehat

Kini Check In PeduliLindungi Bisa Lewat Website @KemenkesRI 

https://t.co/krfmq3jAtx https://t.co/dCp0oxVGEO"
10,"Melalui presidensi #G20, Indonesia mendorong agar semangat filantropi perlu dijaga dan dirawat untuk menghadapi pan‚Ä¶ https://t.co/u1nkVz6hag"
11,Tindakan sukarela ini terbukti mampu meningkatkan ketahanan masyarakat dalam menghadapi krisis baik ekonomi maupun kesehatan.
12,"Filantropi membantu dunia menghadapi pandemi

Terbukti saat pandemi COVID-19, banyak aksi-aksi filantropi yang lahi‚Ä¶ https://t.co/4n6xDRivhR"
13,"#RilisSehat

Indonesia Bersiap Menuju Endemi @KemenkesRI 

https://t.co/SmlDnZ3VRz https://t.co/v3EHxczJyn"
14,"#RilisSehat

Kasus Probable Hepatitis Akut Bertambah 3 Orang, Total Jadi 99 Kasus @KemenkesRI‚Ä¶ https://t.co/egRH77BbZ8"
15,"#RilisSehat

Kasus Monkeypox Mulai Melandai @KemenkesRI 

https://t.co/qXERq0Qg7T https://t.co/EeG0jwxaqK"
16,"#RilisSehat

Stok Vaksin COVID-19 Tersedia 5 Juta Dosis @KemenkesRI 

https://t.co/g4WWj5X3yk https://t.co/VOVA1LVR75"
17,"#RilisSehat

Pentingnya Kekuatan Filantropi untuk Mengatasi Pandemi @KemenkesRI 

https://t.co/JHVCrI6Ye9 https://t.co/gLS1a77ON4"
18,"Update Situasi Terkini Perkembangan #COVID19 di Indonesia (30/9)
 
#LawanCovid19 #jagajarak #dirumahaja‚Ä¶ https://t.co/IC7ayJ7v86"
19,"Gampangkan?

Mulai sekarang jangan simpan obat sembarangan lagi ya #Healthies. 

Karena bukan hanya dia yang butuh‚Ä¶ https://t.co/ndpVJdf1ST"
20,"Untuk lebih lengkapnya, kamu bisa cek di kemasannya, disana ada informasi lengkap cara menyimpan obat yang kamu gunakan.

#Gemacermat"
21,"Obat sirup bisa kamu simpan disuhu ruangan, jangan di lemari pendingin. Alih-alih biar awet, cara ini justru bisa m‚Ä¶ https://t.co/eFo2rmkw3Y"
22,"Meski sama-sama obat, namun cara menyimpannya berbeda, harus disesuaikan dengan jenisnya

Meski terlihat sepele, ke‚Ä¶ https://t.co/PhEuAHOuV5"
23,"Hai #Healthies!

Masih punya obat sisa dirumah? Bingung cara menyimpan obat yang benar?

Nah, kali ini #Minkes mau‚Ä¶ https://t.co/m462f0os1P"
24,"Pernah ngak sih kalian tiba tiba ngerasa nyeri dada? 

Terus pas browsing hasilnya terindikasi sakit Jantung üò± 

Pa‚Ä¶ https://t.co/90T6N2mX55"
25,"Update Cakupan Vaksinasi COVID-19 di Indonesia (29/9)
 
#ayovaksin 
#SayaPilihSehat https://t.co/mT5IAR9gdN"
26,"#Healthies, sekarang tenaga kesehatan bisa melakukan pengkinian data secara mandiri lho

Carnya mudah, cukup isi da‚Ä¶ https://t.co/LvyTQ4xObj"
27,"Selamat Hari Jantung Sedunia ü´Ä

Kebiasaan baik yang kita lakukan setiap hari bisa membuat tubuh sehat terhindar dar‚Ä¶ https://t.co/2ZHqk4qbAt"
28,"Update Situasi Terkini Perkembangan #COVID19 di Indonesia (29/9)
 
#LawanCovid19 #jagajarak #dirumahaja‚Ä¶ https://t.co/JuOIKnDRah"
29,"Ingat Ya, kunci agar terhindar dari penyakit jantung itu PATUH. 

Apabila muncul gejala yang mengarah ke penyakit J‚Ä¶ https://t.co/MFI6VdNome"
30,Imbangi budaya hidup sehat dengan rutin periksa ke dokter setidaknya 6 bulan sekali. Pemeriksaan ini penting untuk‚Ä¶ https://t.co/wxVg4ko8WK
31,"Yang setiap harinya mengonsumsi gula, garam dan lemak dalam jumlah banyak sebaiknya dikurangi, makan sayur &amp; buahny‚Ä¶ https://t.co/zHipRewJZT"
32,"Pola hidup yang kurang sehat diduga jadi penyebab utamanya. Seperti kurang gerak, tingkat stress tinggi, dan pola m‚Ä¶ https://t.co/hOa1HCprxk"
33,Dalam beberapa dekade terakhir jumlah penderita dan jumlah kematian akibat penyakit kardiovaksukal terus meningkat.‚Ä¶ https://t.co/TrKJcEqTA4
34,"Jantung Sehat Untuk Semua ü´Ä

#Healthies, jantung adalah inti dari kesehatan dan kehidupanmu. Karenanya perlu kita j‚Ä¶ https://t.co/oMLT1tLgzi"
35,"#RilisSehat

250 Ribu Vaksin Meningitis Siap Awal Oktober @KemenkesRI 

https://t.co/eC92GyzOD0 https://t.co/kM7rBSV5DP"
36,"Hai #Healthies, 

@KemenkesRI membuka kesempatan untuk para nakes melakukan pengkinian data secara mandiri di laman‚Ä¶ https://t.co/cLpo8YuzXx"
37,"#RilisSehat

Stok Vaksin Meningitis bagi Jemaah Haji dan Umroh Diperbanyak @KemenkesRI 

https://t.co/H4gP3Toz7y https://t.co/RPkByO7CMU"
38,"#Healthies, pernah ngak sih kalian dikasih obat antibiotik? 

Dan menurut kalian itu perlu di habisin atau engga? https://t.co/d2udGK4Ark"
39,"#RilisSehat

Penyakit Jantung Penyebab Utama Kematian, Kemenkes Perkuat Layanan Primer @KemenkesRI‚Ä¶ https://t.co/Bf0DuCLx78"
40,"#RilisSehat 

Kemenkes Luncurkan Portal Pengkinian Data Nakes Terintegrasi @KemenkesRI 

https://t.co/6I4ntGjxJd https://t.co/8osVlhP7q3"
41,"Rakyat Merdeka Award 2022 untuk Indonesia Pulih dan Bangkit merupakan bentuk apresiasi atas hasil kerja keras, sumb‚Ä¶ https://t.co/L7s2FDUTfm"
42,"Menkes adalah satu dari 31 tokoh yg dianugerahi Rakyat Merdeka Award 2022

Tokoh-tokoh tersebut berasal dr berbagai‚Ä¶ https://t.co/t8LZfHmFXk"
43,Selamat kepada Pak @BudiGSadikin atas anugrah sebagai tokoh pemulihan krisis kesehatan dalam Rakyat Merdeka Awards‚Ä¶ https://t.co/pGczsPhWwa
44,"Update Cakupan Vaksinasi COVID-19 di Indonesia (28/9)
 
#ayovaksin 
#SayaPilihSehat https://t.co/J9ohVe0y1x"
45,"#Healthies, setiap 10 menit, satu orang meninggal karena rabies di dunia

Meski berakibat fatal, rabies bisa dicega‚Ä¶ https://t.co/L7aASg7VTE"
46,"Update Situasi Terkini Perkembangan #COVID19 di Indonesia (28/9)
 
#LawanCovid19 #jagajarak #dirumahaja‚Ä¶ https://t.co/oEH8w7bJf4"
47,"Buat #Healthies yang punya pertanyaan seputar penyakit jantung, siapkan pertanyaanmu dari sekarang dengan cara repl‚Ä¶ https://t.co/TwnXr3yvhn"
48,"#Healthies, 1 dari 3 kematian di Indonesia disebabkan penyakit jantung. Penyebab &amp; gejalanya beragam. Ada yg terlih‚Ä¶ https://t.co/kwrcWSw1Id"
49,"Nah, itu dia bahaya kelebihan konsumsi gula, garam dan lemak.

Mulai sekarang, yuk konsumsi GGL sesuai anjuran. Ing‚Ä¶ https://t.co/tL47Kp7n8x"
50,"Melalui Permenkes ini, konsumsi GGL diatur. 

Dianjurkan asupan gula per hari tidak lebih dari 4 sendok makan gula,‚Ä¶ https://t.co/5kUBqX2QCs"
51,"Pemerintah turut mengatur konsumsi GGL di masyarakat

Salah satunya menerbitkan Permenkes No. 30 Tahun 2013 yang di‚Ä¶ https://t.co/q2AyHCXt02"
52,"Caranya gimana? 

Mulai dari diri sendiri dulu yuk. 

Budayakan gaya hidup sehat dengan kurangi konsumsi gula, gara‚Ä¶ https://t.co/iCFVTFm7lH"
53,Angka kematian akibat PTM juga tinggi lho. Setiap tahunnya lebih dari 600.000 orang di Indonesia meninggal akibat P‚Ä¶ https://t.co/sqeqpKGQMh
54,"Dalam 5 tahun terakhir, presentase PTM di Indonesia terus meningkat setiap tahunnya 

PTM termasuk dalam penyakit k‚Ä¶ https://t.co/8FHaQgSPGV"
55,"#Healthies, tahukah kamu kurangnya kontrol konsumsi gula, garam dan lemak berkontribusi nyata terhadap terjadinya P‚Ä¶ https://t.co/7toaHjggnk"
56,"Yuk dukung pemulihan kesehatan, ekonomi dan pariwisata nasional dengan menyegerakan vaksinasi primer maupun booster‚Ä¶ https://t.co/pp7ZV34Ch9"
57,Program vaksinasi WNA diberikan secara gratis mulai bulan September 2022 di fasilitas pelayanan kesehatan atau pos‚Ä¶ https://t.co/qOby5RKh2y
58,"Mendukung pemulihan ekonomi &amp; pariwisata nasional, layanan vaksinasi COVID-19 diperluas

Kini Warga Negara Asing (W‚Ä¶ https://t.co/8nxZjHpmek"
59,"#RilisSehat

Konsumsi Gula Berlebih, Waspadai Risikonya @KemenkesRI 

https://t.co/v7m0c6jytI https://t.co/e8if18Vb9K"
60,"#RilisSehat

Dukung Upaya Pemulihan ekonomi dan Pariwisata, Program Vaksinasi Diperluas Bagi WNA @KemenkesRI‚Ä¶ https://t.co/QK5aS82z0J"
61,"Yuk kita jaga kesehatan jantung kita. Saksikan #TalkshowExclusive mengenai ""Jantung Sehat untuk Semua (Memperingati‚Ä¶ https://t.co/Kh43nOqgRa"
62,"Memiliki jantung yang sehat adalah impian semua manusia, karena jantung memegang peranan penting agar semua organ t‚Ä¶ https://t.co/7klkNsE62i"
63,"Update Situasi Terkini Perkembangan #COVID19 di Indonesia (26/9)
 
#LawanCovid19 #jagajarak #dirumahaja‚Ä¶ https://t.co/5y0Tnqt1Tu"
64,"#RilisSehat

260 Ribu Unit VTM Untuk Pelacakan Kasus COVID-19 Lebih Efisien @KemenkesRI 

https://t.co/bzeDEZg7dB https://t.co/DyzQrrxavD"
65,"Di tengah siang yang terik, sering minum air putih ya #Healthies. Jangan tunggu hausüíß

Penuhi kebutuhan cairanmu dg‚Ä¶ https://t.co/7Q8phXPFmI"
66,"Lengkapnya, cek tabel berikut untuk tahu anjuran konsumsi Gula, Garam dan Lemak (GGL) per hari

#CegahPTM https://t.co/BWEjD2YYit"
67,"Lemak sebuah kandungan yang ditakuti kaum hawa ü´£. Kenapa? 

Lemak bisa membuat berat badan naik yang bisa meningkat‚Ä¶ https://t.co/JrGgYt2bjm"
68,"Makanan tanpa garam, rasanya hambar banget 

Tapi, jika takaran garam dalam satu hari lebih dari 1 sendok teh, risi‚Ä¶ https://t.co/NBlF9sx2Pn"
69,"Kalau makan terlalu banyak gula bisa bikin kegemukan, obesitas, diabetes melitus dan penyakit tidak menular lainnya‚Ä¶ https://t.co/Rpr4j6LNFE"
70,"Siang #Healthies! 

Makan siang adalah saat yg paling ditunggu-tunggu. Setuju? üòÅ 

Eits, tapi #Healthies harus bija‚Ä¶ https://t.co/YsFATNizrM"
71,"Setiap yg berlebihan tidak baik termasuk konsumsi gula. Krn berisiko tinggi terkena diabetes

Namun, tak bisa dipun‚Ä¶ https://t.co/ONFFH6w0cG"
72,"Selalu waspada ya #Healthies! 

Bila ada tanda dan gejala yang mengarah ke DBD segera konsultasikan ke pelayanan ke‚Ä¶ https://t.co/UGE1RAVlBP"
73,"Cara terbaik untuk mengatasi DBD adalah mencegah tergigit nyamuk penyebab demam berdarah. 

Jaga kebersihan lingkun‚Ä¶ https://t.co/8Wfw3WsvNT"
74,"#Healthies, Siklus penyakit demam berdarah dikenal dengan ""siklus pelana kuda"" yang terbagi dalam 3 fase.

Seperti‚Ä¶ https://t.co/2TFtL0XwR9"
75,"Harapannya, pengembangan vaksin TBC dapat berjalan sesuai target yang telah ditentukan dan bisa segera digunakan ba‚Ä¶ https://t.co/F5whqhGtJ6"
76,"Tak hanya memperkuat komitmen eliminasi TBC global, dukungan ini juga penting untuk mewujudkan implementasi pilar p‚Ä¶ https://t.co/qQMkN5siQm"
77,"Saat ini, vaksin TBC terbaru telah dikembangkan oleh peneliti vaksin TBC dari Eropa, Afrika dan Asia Tenggara. 

Me‚Ä¶ https://t.co/RdHckAUAZC"
78,"#Healthies, Indonesia memiliki peran besar dalam mencapai target eliminasi TBC tahun 2030

Salah satu dukungannya a‚Ä¶ https://t.co/MppmLVkxgD"
79,"Dalam pertemuan ini, Menkes @BudiGSadikin juga mengundang @BillGates melakukan kunjungan ke Indonesia untuk melihat‚Ä¶ https://t.co/qwuWd4eaar"
80,"Dalam transformasi layanan primer terutama transformasi teknologi informasi, aksi nyata yang saat ini dilakukan ada‚Ä¶ https://t.co/xdPmhtzKQt"
81,"#Healties, Bill Gates mendukung transformasi kesehatan yang saat ini sedang berlangsung di Indonesia.

Dukungan yan‚Ä¶ https://t.co/fMfR1ao6mP"
82,"Apabila terasa demam, sebaiknya segera memeriksakan diri ke Puskesmas atau Rumah Sakit ya!

Ayo Waspada DBD! ü¶ü"
83,"#Healthies, juga perlu waspada dengan gejala awal DBD seperti :

- Demam tinggi mendadak berlangsung sepanjang hari‚Ä¶ https://t.co/lcbiKBLmST"
84,"Plus nya dengan :

- Memelihara ikan pemakan jentik
- Menaburkan larvasida untuk tempat yang tidak mungkin dilakuka‚Ä¶ https://t.co/o0iWIm15Jb"
85,"Kita bisa mencegah DBD dengan gerakan Pemberantasan Sarang Nyamuk (PSN) 3M Plus. 

Masih ingat gerakan 3M Plus? ü§î‚Ä¶ https://t.co/dnIO73caID"
86,"Upaya penanganan harus terus kita lakukan sejak dini. 

Kuncinya dengan jaga kesehatan diri dan kebersihan lingkung‚Ä¶ https://t.co/E26vc8O3cz"
87,"Saat ini, kasus DBD dilaporkan terus bertambah. Secara nasional, jumlah kasus DBD sejak Januari 2022 sebanyak 87.50‚Ä¶ https://t.co/ytImvq1QWu"
88,"Kadang hujan turun membawa sejuta kenangan, tapi tak jarang hujan kerap menimbulkan penyakit üò±

Tetap waspada saat‚Ä¶ https://t.co/ZXMf0YtBAa"
89,"#RilisSehat

Indonesia Usulkan Ikut Uji Klinis Vaksin TBC @KemenkesRI 

https://t.co/NnQg3rWrlf https://t.co/bktShAZwFV"
90,"#Healthies, dalam satu tahun berapa kali kamu melakukan cek kesehatan? 

Dan kenapa sih cek kesehatan itu penting?‚Ä¶ https://t.co/88GwWVFGbO"
91,"#RilisSehat

Masuk Peralihan Musim, Kemenkes Minta Dinkes Waspadai Lonjakan DBD @KemenkesRI‚Ä¶ https://t.co/4eWjd5F39m"
92,Hal ini untuk memastikan kesiapan sistem kesehatan global dalam menghadapi ancaman kesehatan saat ini dan di masa y‚Ä¶ https://t.co/iUhFyDaHAr
93,Indonesia melalui Presidensi G20 mendorong negara anggota G20 memperkuat arsitektur kesehatan global melalui pengua‚Ä¶ https://t.co/4BmesbxNnj
94,Karena perbedaan kapasitas dan akses terhadap VTD akan berdampak pada kapasitas respons terhadap masalah kesehatan‚Ä¶ https://t.co/0r6z6B7C4U
95,"Di forum tersebut, Menkes menyampaikan bahwa setiap negara, terlepas dari status ekonomi dan geografisnya, harus me‚Ä¶ https://t.co/NlAgRhDU7G"
96,"#Healthies, Menteri Kesehatan RI, @BudiGSadikin hadir dalam World Economic Forum yang digelar di New York, Amerika‚Ä¶ https://t.co/lKnWfFMaAo"
97,"#RilisSehat

Penguatan Industri Kesehatan Domestik Jadi Basis Arsitektur Kesehatan Global @KemenkesRI‚Ä¶ https://t.co/0kmZSKBHt6"
98,"Sinergi, kolaborasi dan komitmen seluruh negara di dunia diharapkan bisa memperkuat sistem kesehatan global saat in‚Ä¶ https://t.co/z88Wg2wLOM"
99,"Tak hanya Indonesia, 48 negara dan lebih dari 25 sektor swasta juga ikut berkontribusi dalam replenishment Global F‚Ä¶ https://t.co/JSCxIyPMRt"
100,"Dengan demikian, total komitmen yang disalurkan Indonesia untuk membantu penyiapan pendanaan yang memadai untuk men‚Ä¶ https://t.co/aA6LcKxDAY"
101,Total yang komitmen yang diberikan pemerintah sebesar US$ 10 juta yang berasal dari Anggaran Pendapatan Belanja Neg‚Ä¶ https://t.co/XhME5SDQFX
102,"Dari Indonesia untuk Kesehatan Dunia

Pemerintah Indonesia secara konkret ikut berkontribusi dalam program replenis‚Ä¶ https://t.co/aDuQPR91Rf"
103,"Update Situasi Terkini Perkembangan #COVID19 di Indonesia (23/9)
 
#LawanCovid19 #jagajarak #dirumahaja‚Ä¶ https://t.co/x4ML8IoJpE"
104,"Atas capaian ini, @KemenkesRI menerima penghargaan Opini Wajar Tanpa Pengecualian (WTP) 10 kali berturut-turut.

Ke‚Ä¶ https://t.co/7tEAEus41c"
105,"Di tengah situasi pandemi COVID-19 yang terus berubah yang mendorong penyesuaian respons dan penggunaan anggaran, k‚Ä¶ https://t.co/TwEUVelU4O"
106,"Saksikan Talkshow Sehat Wicara ""Siapkah Kita Menuju Endemi COVID-19?"" bersama dr. Mohammad Syahril, Sp.P, MPH selak‚Ä¶ https://t.co/ttBjcHrEXh"
107,Pandemi di Indonesia berangsur-angsur membaik. Ini membuktikan bahwa Indonesia memiliki kesempatan untuk mengakhiri‚Ä¶ https://t.co/DqfqA1jqXL
108,"Oleh karena itu, mari bersama-sama kita menyatukan langkah untuk mewujudkan Indonesia sebagai Poros Maritim Dunia.‚Ä¶ https://t.co/84L9mR0KBS"
109,"Seperti yang Presiden Soekarno katakan, ‚ÄúUsahakanlah agar kita menjadi bangsa pelaut kembali. Ya, bangsa pelaut dal‚Ä¶ https://t.co/C8YFz5yaT7"
110,"Hai, #Healthies

Selamat Hari Maritim Nasional ke-58 üåäüõ≥Ô∏è

Dengan merayakan peringatan HMN menandakan bahwa kita tur‚Ä¶ https://t.co/uvajtigESm"
111,"#Healthies, dalam 1 tahun berapa kali kamu melakukan cek kesehatan? 

Dan menurutmu kenapa cek kesehatan itu pentin‚Ä¶ https://t.co/T2abZRnBTK"
112,"#RilisSehat

Kontribusi Pertama Pemerintah Indonesia dalam Pendanaan Global Fund @KemenkesRI‚Ä¶ https://t.co/zr5e9RYSDn"
113,"Update Situasi Terkini Perkembangan #COVID19 di Indonesia (22/9)
 
#LawanCovid19 #jagajarak #dirumahaja‚Ä¶ https://t.co/gXMRhzSqT9"
114,"Minggu lalu, Wamenkes Dante Saksono Harbuwono melakukan kunjungan kerja ke Cleveland Clinic, Ohio, Amerika Serikat.‚Ä¶ https://t.co/MR8djHoaM3"
115,"#RilisSehat

Kemenkes Siapkan Fasilitas Kesehatan di Setiap Venue KTT G20 @KemenkesRI 

https://t.co/PWumTQSLOv https://t.co/QaM9NABfrr"
116,"#RilisSehat

Kemenkes dan Cleveland Clinic Jajaki Kerja Sama Pengembangan Pelayanan Kardiovaskular di Indonesia‚Ä¶ https://t.co/ESMeTP0wu8"
117,"RT @GlobalFund: Thank you, #Indonesia for becoming a new donor to the @GlobalFund Seventh Replenishment with your first-time pledge of US$1‚Ä¶"
118,"#Healthies, Indonesia bersama seluruh negara di dunia kian memperkuat komitmennya dalam mencapai target eliminasi T‚Ä¶ https://t.co/ilwHBDJfON"
119,"#RilisSehat

Perlu Komitmen Kuat untuk Menciptakan Dunia Bebas dari TBC @KemenkesRI 

https://t.co/N9K7Du0nqb https://t.co/4Xdk0rmfIQ"
120,"@ttpjlstr Aamiin, semoga bapak lekas pulih ya. Semangat üíô"
121,"Hari ini adalah #WorldAlzheimersDay 

Alzheimer adalah kepikunan yang disebabkan adanya sumbatan di pembuluh darah‚Ä¶ https://t.co/WBAEM0u5bU"
122,"Update Situasi Terkini Perkembangan #COVID19 di Indonesia (21/9)
 
#LawanCovid19 #jagajarak #dirumahaja‚Ä¶ https://t.co/yMb9jBNSuK"
123,"#RilisSehat

Leadership dan Akuntabilitas Pemerintah Daerah Jadi Kunci Atasi HIV, TBC, Malaria @KemenkesRI‚Ä¶ https://t.co/R8f2Ttbrug"
124,"#RilisSehat

PeduliLindungi Raih Penghargaan Indonesia Brand Forum 2022 @KemenkesRI 

https://t.co/sn0Ds5lNZr https://t.co/UQ6ljjygiv"
125,"Update Situasi Terkini Perkembangan #COVID19 di Indonesia (20/9)
 
#LawanCovid19 #jagajarak #dirumahaja‚Ä¶ https://t.co/Hmd87YyfGD"
126,"Generasi muda sering disebut sebagai generasi kreatif, pada saat yg sama juga disebut sebagai generasi rentan depre‚Ä¶ https://t.co/Xk8zNjVtJB"
127,"#FightForWhatCounts
#BetterTogether
#EndTB
#EndHIV
#EndMalaria"
128,"@GlobalFund mengumpulkan &amp; menginvestasikan uang dalam siklus 3 tahun yg dikenal sebagai Replenishment

Pendekatan‚Ä¶ https://t.co/idKGpUP87s"
129,"Ke depan, peralatan sekuensing akan digunakan untuk pengembangan layanan di RS, pengembangan deteksi HIV, deteksi k‚Ä¶ https://t.co/H3yGuYCh7j"
130,Jumlah genome sequencing di tanah air rencananya akan ditambah. Sampai akhir tahun 2022 mesin genome sequensing aka‚Ä¶ https://t.co/HDAu6Rezfk
131,"Terbaru, @GlobalFund membantu @KemenkesRI membangun kapasitas genome sequencing untuk identifikasi virus &amp; bakteri‚Ä¶ https://t.co/OWzt7s6k9G"
132,"Dalam malaria, @GlobalFund membantu pemeriksaan Rapid Test (RDT), skrining Ibu hamil di daerah endemis tinggi, pend‚Ä¶ https://t.co/7s5PwNWwn1"
133,"Dalam TBC, @GlobalFund membantu pengadaan obat anti TBC lini pertama &amp; kedua, obat terapi pencegahan, alat diagnosi‚Ä¶ https://t.co/92b0zoRr95"
134,"Dalam HIV/AIDS, @GlobalFund membantu meningkatkan layanan HIV, temuan kasus, pengobatan ARV dan rawatan, serta peny‚Ä¶ https://t.co/iylLroMUbJ"
135,"Dalam implementasinya, pemerintah dibantu @GlobalFund sebagai mitra pembangunan kesehatan di Indonesia

Sejak 2003‚Ä¶ https://t.co/2cUsTL7Tza"
136,"Upaya pencapaian target pengendalian HIV/AIDS, TBC, dan Malaria akan dikejar hingga 2024

Untuk HIV/AIDS target cak‚Ä¶ https://t.co/HItQniwT6b"
137,Leadership dan akuntabilitas pemerintah daerah baik provinsi dan  Kabupaten/kota adalah kunci keberhasilan Indonesi‚Ä¶ https://t.co/KbF4aMlmaa
138,"Menteri Kesehatan RI @BudiGSadikin hadir dalam pertemuan Global Fund Replenishment Conference ke-7 di New York, Ame‚Ä¶ https://t.co/vyXUnX5sLJ"
139,"Yuk segera dapatkan vaksinasimu. Semakin banyak yang divaksinasi, semakin tinggi imunitas yang terbentuk, semakin c‚Ä¶ https://t.co/SViDipQQgW"
140,Koordinasi dan kolaborasi seluruh komponen bangsa mulai tingkat pusat hingga daerah menjadi kunci untuk menjaga sit‚Ä¶ https://t.co/bUIsy91tnk
141,Protokol kesehatan juga tidak boleh kendor. Tetap gunakan masker saat bepergian ke luar rumah dan di ruangan tertut‚Ä¶ https://t.co/OAQIB8PiPg
142,"Cakupan vaksinasi COVID-19 booster terus dikejar utamanya di daerah-daerah yang cakupannya masih rendah.

Sampai ak‚Ä¶ https://t.co/rq9ij9z6Ix"
143,"Tingkat imunitas dan kekebalan kelompok menjadi salah satu indikator penting untuk mengakhiri pandemi

Sampai saat‚Ä¶ https://t.co/aHBnKyiKkh"
144,"Situasi pandemi COVID-19 di Indonesia terus membaik dalam 6 bulan terakhir. Kasus konfirmasi terus menurun, kasus k‚Ä¶ https://t.co/0S1o7urMyf"
145,"Update Cakupan Vaksinasi COVID-19 di Indonesia (19/9)
 
#ayovaksin 
#SayaPilihSehat https://t.co/OxnJ31r0aN"
146,"#RilisSehat

Sekjen Kunta Minta Dinkes Lakukan Transformasi Kesehatan @KemenkesRI 

https://t.co/D80SBqNhvx https://t.co/PW2dmQDBmA"
147,"#RilisSehat

Indonesia Dorong CEPI Perkuat Respons Persiapan dan Pencegahan Pandemi @KemenkesRI‚Ä¶ https://t.co/YUvefY8qCo"
148,"Update Situasi Terkini Perkembangan #COVID19 di Indonesia (19/9)
 
#LawanCovid19 #jagajarak #dirumahaja‚Ä¶ https://t.co/2171d4Ulgj"
149,"Update Cakupan Vaksinasi COVID-19 di Indonesia (18/9)
 
#ayovaksin 
#SayaPilihSehat https://t.co/FOG3xF18FX"
150,"Update Situasi Terkini Perkembangan #COVID19 di Indonesia (18/9)
 
#LawanCovid19 #jagajarak #dirumahaja‚Ä¶ https://t.co/RT8Uq2dRR8"
151,"Update Cakupan Vaksinasi COVID-19 di Indonesia (17/9)
 
#ayovaksin 
#SayaPilihSehat https://t.co/DRfZOVhcsh"
152,"‚ÄúMari bersama-sama wujudkan #MedicationWithoutHarm untuk meningkatkan mutu pelayanan kesehatan di Indonesia,‚Äù - Men‚Ä¶ https://t.co/1JK4g2fL47"
153,Keaktifan mencari informasi tentang obat membantu mewujudkan  #MedicationSafety untuk mencegah kesalahan pemberian‚Ä¶ https://t.co/0obDTpkNRM
154,"Selalu lakukan ‚ÄúAsk, Know dan Check‚Äù sebelum memberikan dan menerima obat untuk memastikan #Healthies mendapatkan o‚Ä¶ https://t.co/vUd3oQ0K3U"
155,"Selamat Hari Keselamatan Pasien Sedunia 

Tindakan medis dan pengobatan dapat menyelamatkan banyak pasien. Namun, p‚Ä¶ https://t.co/clylPdJSJG"
156,"Update Situasi Terkini Perkembangan #COVID19 di Indonesia (17/9)
 
#LawanCovid19 #jagajarak #dirumahaja‚Ä¶ https://t.co/HjEdMkJHvo"
157,"#RilisSehat

Peringati Hari Keselamatan Pasien Sedunia 2022, Menkes Ajak Masyarakat Terapkan ‚ÄúAsk, Know, Check‚Äù Seb‚Ä¶ https://t.co/wjeNR8f5lb"
158,"Update Cakupan Vaksinasi COVID-19 di Indonesia (16/9)
 
#ayovaksin 
#SayaPilihSehat https://t.co/dsEL3Xn7ho"
159,"Singkong, ubi jalar, daun kelor adalah sumber pangan lokal yg enak, aman &amp; bergizi tinggi. Ada yang pernah coba?

D‚Ä¶ https://t.co/SZl4w6Knho"
160,"Tetap jaga kesehatan tubuh dengan selalu menerapkan protokol kesehatan di mana pun dan kapan pun!  

Salam sehat! ü§ó"
161,"Selamat malam, ada kabar baik! 

Pasien Monkeypox pertama di Indonesia telah dinyatakan sembuh per tanggal 4 Septem‚Ä¶ https://t.co/e4wE5eYzbN"
162,"#RilisSehat

Menuju Endemi, Kemenkes Minta Vaksinasi Booster COVID-19 Terus digencarkan @KemenkesRI‚Ä¶ https://t.co/TFCpIz0Du3"
163,"#RilisSehat

Kemenkes Laporkan 35 Kasus Probable Hepatitis @KemenkesRI 

https://t.co/EgXmhckeHH https://t.co/dM4L3rUHHM"
164,"Update Situasi Terkini Perkembangan #COVID19 di Indonesia (16/9)
 
#LawanCovid19 #jagajarak #dirumahaja‚Ä¶ https://t.co/HHSaJctW5k"
165,"#RilisSehat

Pasien Positif Monkeypox Pertama Dinyatakan Sembuh @KemenkesRI 

https://t.co/7LSHQ1OtBu https://t.co/AkEujzqYaW"
166,"#Healthies, sedang berlangsung konferensi Pers Mingguan @KemenkesRI : Upate Perkembangan COVID-19, Hepatitis Akut d‚Ä¶ https://t.co/9R9fRaDVqm"
167,"#RilisSehat

Pentingnya Penggunaan Obat Yang Aman Jadi Fokus Peringatan Hari Keselamatan Pasien Sedunia 2022‚Ä¶ https://t.co/VCvPPwu6hA"
168,"#RilisSehat

Kecepatan Izin Usaha Kemenkes Diapresiasi dalam Uji Petik Percepatan Pelaksanaan Berusaha (PPB) Tahun‚Ä¶ https://t.co/4ea78dsoHh"
169,"Update Situasi Terkini Perkembangan #COVID19 di Indonesia (15/9)
 
#LawanCovid19 #jagajarak #dirumahaja‚Ä¶ https://t.co/AY7SsGqH9C"
170,"Imbangi dengan menerapkan pola hidup sehat. 

Caranya jaga berat badan ideal, rutin bergerak, makan makanan sehat,‚Ä¶ https://t.co/JXnQbwGcDl"
171,Limfoma atau kanker kelenjar getah bening adalah kanker darah yg ditandai dgn pembengkakan pada kelenjar getah beni‚Ä¶ https://t.co/nobjoEJzlh
172,"#RilisSehat

Transformasi Organisasi Kemenkes sebagai Fondasi Transformasi Kesehatan @KemenkesRI‚Ä¶ https://t.co/TmSLV6k7tB"
173,"Melalui kesempatan ini, diharapkan kian meningkatkan kapasitas penelitian vaksin dan bioteknologi di negara anggota‚Ä¶ https://t.co/F8sHrAhWGA"
174,Program ini merupakan bagian dari COMSTECH Fellowship For Research and Advance Training in Virology and Vaccine Tec‚Ä¶ https://t.co/6AbKTuMcMI
175,Tindaklanjut dari kerja sama ini dengan diajukannya penempatan magang 4 orang peneliti dari Mesir dan Pakistan di B‚Ä¶ https://t.co/zQ3VILbVaE
176,Penunjukan Indonesia sebagai Organization of Islamic Cooperation - Center of Excellence (OIC - CoE) on Vaccine and‚Ä¶ https://t.co/9POrfwD3tP
177,"Kualitas penelitian dan pengembangan vaksin di Indonesia diakui dunia

Ini buktinya üëá https://t.co/KQYmvmvH3P"
178,"#RilisSehat

Kembangkan Vaksin di Negara OKI, 4 Peneliti Mesir dan Pakistan Magang di Indonesia @KemenkesRI‚Ä¶ https://t.co/gCodf87sIH"
179,"Hai #Healthies,

@KemenkesRI melalui @farmalkesRI akan mengadakan ""Opening Ceremony of COMSTECH - OIC Fellowship Pr‚Ä¶ https://t.co/rC3XK9fndv"
180,"Update Situasi Terkini Perkembangan #COVID19 di Indonesia (14/9)
 
#LawanCovid19 #jagajarak #dirumahaja‚Ä¶ https://t.co/ozG11fR9HF"
181,"#Healthies, setiap tanggal 14 September diperingati sebagai Hari Kunjung Perpustakaan.

Peringatan ini untuk mening‚Ä¶ https://t.co/4WfxvQWShv"
182,"Menyambut Hari Kesehatan Gigi Nasional 2022, Yuk ikuti lomba foto dan video Tiktok seputar kesehatan gigi dan mulut‚Ä¶ https://t.co/v85HbK3ZQ5"
183,"RT @PLindungi: SUDAH BEROPERASI NORMAL

Saat ini aplikasi mobile dan web PeduliLindungi sudah dapat diakses kembali.

üôèüôè https://t.co/n0YAz‚Ä¶"
184,"Disamping itu, perlu diketahui juga bahwa tidak semua orang boleh berlari loh. 

Siapa saja yang masuk kategori tid‚Ä¶ https://t.co/30z28g0aE5"
185,"#Healthies, lari merupakan olahraga yang popular di masyarkat &amp; sekarang ini geliat lari kembali marak‚Ä¶ https://t.co/k2JHCHabBN"
186,"Pandemi membuat sistem surveilans kesehatan dunia semakin kuat

Sistem surveilans didorong saling terintegasi guna‚Ä¶ https://t.co/eL6SSuLFlz"
187,"Ini bagian dari transformasi kesehatan pilar pertama, transformasi layanan primer yang fokus pada upaya promotif pr‚Ä¶ https://t.co/XbTElbgVpo"
188,"Imunisasi PCV diberikan sebanyak 3 dosis, saat anak berusia 2 bulan, 3 bulan dan 12 bulan dengan dosis 0,5 ml

Prog‚Ä¶ https://t.co/bHz6VzMjN4"
189,"Tujuannya untuk melindungi dan mencegah anak dari bahaya penyakit pneumonia atau radang paru, yang menjadi salah sa‚Ä¶ https://t.co/Zx7wMpcVzR"
190,"Imunisasi PCV menjadi Imunisasi Rutin Bagi Anak dan Balita

Komitmen pemerintah untuk melindungi anak-anak Indonesi‚Ä¶ https://t.co/ToytPbE5Ge"
191,"Update Situasi Terkini Perkembangan #COVID19 di Indonesia (13/9)
 
#LawanCovid19 #jagajarak #dirumahaja‚Ä¶ https://t.co/0nOKIt4oC0"
192,Semoga aksi bersama ini semakin mengingkatkan kesadaran anak-anak Indonesia untuk menjaga kesehatan gigi dan mulut‚Ä¶ https://t.co/iXbVZbHk5c
193,"Kemarin, anak-anak dari berbagai daerah di Indonesia antusias mengikuti sikat gigi bersama yang digelar di GBK Jaka‚Ä¶ https://t.co/PrwGIZRj56"
194,"#RilisSehat

Kemenkes Targetkan 4,6 Juta Anak Indonesia Terima Imunisasi PCV @KemenkesRI 

https://t.co/aXtSRE6evp https://t.co/9m0tH78KVD"
195,"#RilisSehat

Sistem Surveilans Terintegrasi Menjadi Modal Hadapi Pandemi @KemenkesRI 

https://t.co/DbMpsOIKyw https://t.co/U5S180GIZB"
196,"#RilisSehat

Pemerintah Berikan Imunisasi PCV bagi Seluruh Anak Indonesia Untuk Melindungi dari Bahaya Radang Paru‚Ä¶ https://t.co/ixI1pGM5sC"
197,"#RilisSehat

Puncak HKGN 2022, Indonesia Pecahkan Rekor Gerakan Sikat Gigi Bersama @KemenkesRI‚Ä¶ https://t.co/jZNDtkolQk"
198,"#RilisSehat

Indonesia Siap Perkuat Kerjasama Guna Mewujudkan Transformasi Kesehatan @KemenkesRI‚Ä¶ https://t.co/8LL8y116p1"
199,"Update Situasi Terkini Perkembangan #COVID19 di Indonesia (12/9)
 
#LawanCovid19 #jagajarak #dirumahaja‚Ä¶ https://t.co/8rbgZg01i9"
